{
  "seed": 2026,
  "jobs": 2,
  "runtime_sec": 7.092123508453369,
  "models": {
    "baseline_ols": {
      "model": "baseline_ols",
      "parameters": {
        "N": 2,
        "T": 100,
        "p": 1,
        "t": 50,
        "M_grid": [
          4,
          6
        ],
        "power_M": 6,
        "B": 4,
        "alpha": 0.05,
        "baseline_pvalue_method": "asymptotic_chi2"
      },
      "phi": [
        [
          -0.23793674254736974,
          0.07217138506148246
        ],
        [
          -0.5688979048797197,
          0.41873151303260825
        ]
      ],
      "type1_error_by_M": [
        {
          "M": 4,
          "value": 0.25,
          "size_distortion": 0.2,
          "rejections": 1,
          "M_effective": 4,
          "runtime_sec": 0.1668708324432373,
          "pvalue_summary": {
            "count": 4,
            "mean": 0.18191513377583604,
            "std": 0.14836388306608878,
            "q25": 0.06913347448748976,
            "q50": 0.14667052448605047,
            "q75": 0.25945218377439677
          }
        },
        {
          "M": 6,
          "value": 0.3333333333333333,
          "size_distortion": 0.2833333333333333,
          "rejections": 2,
          "M_effective": 6,
          "runtime_sec": 0.3872356414794922,
          "pvalue_summary": {
            "count": 6,
            "mean": 0.15741815784102034,
            "std": 0.15794425402286394,
            "q25": 0.024228155141160466,
            "q50": 0.13211293565265333,
            "q75": 0.2040672693312612
          }
        }
      ],
      "power_curve": [
        {
          "M": 6,
          "delta": 0.04,
          "target_fro": 0.08,
          "actual_fro": 0.08000000000000002,
          "power": 0.3333333333333333,
          "M_effective": 6,
          "rejections": 2,
          "runtime_sec": 0.22949934005737305,
          "stationarity_shrinks": 0,
          "skipped": false,
          "pvalue_summary": {
            "count": 6,
            "mean": 0.15335468544913874,
            "std": 0.17677616329503848,
            "q25": 0.04108263405772117,
            "q50": 0.055159955876671184,
            "q75": 0.20718003556787806
          }
        },
        {
          "M": 6,
          "delta": 0.08,
          "target_fro": 0.16,
          "actual_fro": 0.16000000000000003,
          "power": 0.0,
          "M_effective": 6,
          "rejections": 0,
          "runtime_sec": 0.2274312973022461,
          "stationarity_shrinks": 0,
          "skipped": false,
          "pvalue_summary": {
            "count": 6,
            "mean": 0.4032341118428604,
            "std": 0.3013076954066663,
            "q25": 0.19321001229563067,
            "q50": 0.32064996637699233,
            "q75": 0.5301360824953625
          }
        }
      ]
    },
    "sparse_lasso": {
      "model": "sparse_lasso",
      "parameters": {
        "N": 5,
        "T": 200,
        "p": 1,
        "t": 100,
        "M_grid": [
          4,
          6
        ],
        "power_M": 6,
        "B": 4,
        "alpha": 0.05,
        "baseline_pvalue_method": "asymptotic_chi2",
        "sparsity": 0.2,
        "lasso_alpha": 0.02
      },
      "phi": [
        [
          -0.0,
          0.07217138506148246,
          -0.0,
          0.0,
          0.0
        ],
        [
          -0.0,
          -0.0,
          0.0,
          -0.0,
          -0.0
        ],
        [
          0.0,
          0.0,
          -0.0,
          -0.0,
          0.0
        ],
        [
          -0.0,
          -0.0,
          0.0,
          -0.0,
          -0.0
        ],
        [
          -0.0,
          0.0,
          -0.06968483162498339,
          -0.0,
          0.0
        ]
      ],
      "type1_error_by_M": [
        {
          "M": 4,
          "value": 0.25,
          "size_distortion": 0.2,
          "rejections": 1,
          "M_effective": 4,
          "runtime_sec": 1.3032519817352295,
          "pvalue_summary": {
            "count": 4,
            "mean": 0.4375,
            "std": 0.3247595264191645,
            "q25": 0.1875,
            "q50": 0.5,
            "q75": 0.75
          }
        },
        {
          "M": 6,
          "value": 0.16666666666666666,
          "size_distortion": 0.11666666666666665,
          "rejections": 1,
          "M_effective": 6,
          "runtime_sec": 1.9347140789031982,
          "pvalue_summary": {
            "count": 6,
            "mean": 0.5,
            "std": 0.3818813079129867,
            "q25": 0.25,
            "q50": 0.375,
            "q75": 0.875
          }
        }
      ],
      "power_curve": [
        {
          "M": 6,
          "delta": 0.04,
          "target_fro": 0.2,
          "actual_fro": 0.2,
          "power": 0.0,
          "M_effective": 6,
          "rejections": 0,
          "runtime_sec": 1.9006938934326172,
          "stationarity_shrinks": 0,
          "skipped": false,
          "pvalue_summary": {
            "count": 6,
            "mean": 0.625,
            "std": 0.3145764348029479,
            "q25": 0.3125,
            "q50": 0.625,
            "q75": 0.9375
          }
        },
        {
          "M": 6,
          "delta": 0.08,
          "target_fro": 0.4,
          "actual_fro": 0.4,
          "power": 0.16666666666666666,
          "M_effective": 6,
          "rejections": 1,
          "runtime_sec": 1.7901158332824707,
          "stationarity_shrinks": 0,
          "skipped": false,
          "pvalue_summary": {
            "count": 6,
            "mean": 0.5833333333333334,
            "std": 0.37267799624996495,
            "q25": 0.3125,
            "q50": 0.625,
            "q75": 0.9375
          }
        }
      ]
    },
    "lowrank_svd": {
      "model": "lowrank_svd",
      "parameters": {
        "N": 10,
        "T": 200,
        "p": 1,
        "t": 100,
        "M_grid": [
          4,
          6
        ],
        "power_M": 6,
        "B": 4,
        "alpha": 0.05,
        "baseline_pvalue_method": "asymptotic_chi2",
        "rank": 2
      },