{
  "seed": 2026,
  "jobs": 2,
  "runtime_sec": 7.140376806259155,
  "models": {
    "baseline_ols": {
      "model": "baseline_ols",
      "parameters": {
        "N": 2,
        "T": 100,
        "p": 1,
        "t": 50,
        "M_grid": [
          4,
          6
        ],
        "power_M": 6,
        "B": 4,
        "alpha": 0.05,
        "baseline_pvalue_method": "asymptotic_chi2"
      },
      "phi": [
        [
          -0.23793674254736974,
          0.07217138506148246
        ],
        [
          -0.5688979048797197,
          0.41873151303260825
        ]
      ],
      "type1_error_by_M": [
        {
          "M": 4,
          "value": 0.0,
          "size_distortion": -0.05,
          "rejections": 0,
          "M_effective": 4,
          "runtime_sec": 0.29074525833129883,
          "pvalue_summary": {
            "count": 4,
            "mean": 0.6100493689917852,
            "std": 0.2181536193708662,
            "q25": 0.508071363097402,
            "q50": 0.6313093646574355,
            "q75": 0.7332873705518187
          }
        },
        {
          "M": 6,
          "value": 0.0,
          "size_distortion": -0.05,
          "rejections": 0,
          "M_effective": 6,
          "runtime_sec": 0.3823575973510742,
          "pvalue_summary": {
            "count": 6,
            "mean": 0.27120491823368154,
            "std": 0.17135378059408793,
            "q25": 0.12559252782791552,
            "q50": 0.22366007741218605,
            "q75": 0.39479956586913895
          }
        }
      ],
      "power_curve": [
        {
          "M": 6,
          "delta": 0.04,
          "target_fro": 0.08,
          "actual_fro": 0.08000000000000002,
          "power": 0.3333333333333333,
          "M_effective": 6,
          "rejections": 2,
          "runtime_sec": 0.21423745155334473,
          "stationarity_shrinks": 0,
          "skipped": false,
          "pvalue_summary": {
            "count": 6,
            "mean": 0.3325108785049977,
            "std": 0.30772518205019234,
            "q25": 0.07564855238234136,
            "q50": 0.25930988129088733,
            "q75": 0.4758815563998922
          }
        },
        {
          "M": 6,
          "delta": 0.08,
          "target_fro": 0.16,
          "actual_fro": 0.16000000000000003,
          "power": 0.16666666666666666,
          "M_effective": 6,
          "rejections": 1,
          "runtime_sec": 0.222062349319458,
          "stationarity_shrinks": 0,
          "skipped": false,
          "pvalue_summary": {
            "count": 6,
            "mean": 0.1959381197468916,
            "std": 0.17596739191363797,
            "q25": 0.08152174360733702,
            "q50": 0.11311982690989372,
            "q75": 0.31212323414381205
          }
        }
      ]
    },
    "sparse_lasso": {
      "model": "sparse_lasso",
      "parameters": {
        "N": 5,
        "T": 200,
        "p": 1,
        "t": 100,
        "M_grid": [
          4,
          6
        ],
        "power_M": 6,
        "B": 4,
        "alpha": 0.05,
        "baseline_pvalue_method": "asymptotic_chi2",
        "sparsity": 0.2,
        "lasso_alpha": 0.02
      },
      "phi": [
        [
          -0.0,
          0.07217138506148246,
          -0.0,
          0.0,
          0.0
        ],
        [
          -0.0,
          -0.0,
          0.0,
          -0.0,
          -0.0
        ],
        [
          0.0,
          0.0,
          -0.0,
          -0.0,
          0.0
        ],
        [
          -0.0,
          -0.0,
          0.0,
          -0.0,
          -0.0
        ],
        [
          -0.0,
          0.0,
          -0.06968483162498339,
          -0.0,
          0.0
        ]
      ],
      "type1_error_by_M": [
        {
          "M": 4,
          "value": 0.25,
          "size_distortion": 0.2,
          "rejections": 1,
          "M_effective": 4,
          "runtime_sec": 1.3179023265838623,
          "pvalue_summary": {
            "count": 4,
            "mean": 0.375,
            "std": 0.375,
            "q25": 0.1875,
            "q50": 0.25,
            "q75": 0.4375
          }
        },
        {
          "M": 6,
          "value": 0.16666666666666666,
          "size_distortion": 0.11666666666666665,
          "rejections": 1,
          "M_effective": 6,
          "runtime_sec": 1.9916224479675293,
          "pvalue_summary": {
            "count": 6,
            "mean": 0.6666666666666666,
            "std": 0.3435921354681384,
            "q25": 0.5625,
            "q50": 0.75,
            "q75": 0.9375
          }
        }
      ],
      "power_curve": [
        {
          "M": 6,
          "delta": 0.04,
          "target_fro": 0.2,
          "actual_fro": 0.2,
          "power": 0.3333333333333333,
          "M_effective": 6,
          "rejections": 2,
          "runtime_sec": 1.8397576808929443,
          "stationarity_shrinks": 0,
          "skipped": false,
          "pvalue_summary": {
            "count": 6,
            "mean": 0.5,
            "std": 0.4330127018922193,
            "q25": 0.0625,
            "q50": 0.5,
            "q75": 0.9375
          }
        },
        {
          "M": 6,
          "delta": 0.08,
          "target_fro": 0.4,
          "actual_fro": 0.4,
          "power": 0.5,
          "M_effective": 6,
          "rejections": 3,
          "runtime_sec": 1.9138240814208984,
          "stationarity_shrinks": 0,
          "skipped": false,
          "pvalue_summary": {
            "count": 6,
            "mean": 0.20833333333333334,
            "std": 0.22438186696393767,
            "q25": 0.0,
            "q50": 0.125,
            "q75": 0.4375
          }
        }
      ]
    },
    "lowrank_svd": {
      "model": "lowrank_svd",
      "parameters": {
        "N": 10,
        "T": 200,
        "p": 1,
        "t": 100,
        "M_grid": [
          4,
          6
        ],
        "power_M": 6,
        "B": 4,
        "alpha": 0.05,
        "baseline_pvalue_method": "asymptotic_chi2",
        "rank": 2
      },