{
  "seed": 42,
  "jobs": 2,
  "runtime_sec": 7.135720491409302,
  "models": {
    "baseline_ols": {
      "model": "baseline_ols",
      "parameters": {
        "N": 2,
        "T": 100,
        "p": 1,
        "t": 50,
        "M_grid": [
          4,
          6
        ],
        "power_M": 6,
        "B": 4,
        "alpha": 0.05,
        "baseline_pvalue_method": "asymptotic_chi2"
      },
      "phi": [
        [
          0.0914151239263294,
          -0.31199523187214867
        ],
        [
          0.22513535874193716,
          0.28216941491736414
        ]
      ],
      "type1_error_by_M": [
        {
          "M": 4,
          "value": 0.25,
          "size_distortion": 0.2,
          "rejections": 1,
          "M_effective": 4,
          "runtime_sec": 0.21116900444030762,
          "pvalue_summary": {
            "count": 4,
            "mean": 0.10803001988984799,
            "std": 0.059271103851426254,
            "q25": 0.057441939668362786,
            "q50": 0.10081286990577897,
            "q75": 0.15140095012726418
          }
        },
        {
          "M": 6,
          "value": 0.3333333333333333,
          "size_distortion": 0.2833333333333333,
          "rejections": 2,
          "M_effective": 6,
          "runtime_sec": 0.42163753509521484,
          "pvalue_summary": {
            "count": 6,
            "mean": 0.18464760872341526,
            "std": 0.20074484862833936,
            "q25": 0.037758485894902424,
            "q50": 0.11892558217160773,
            "q75": 0.22747487223802135
          }
        }
      ],
      "power_curve": [
        {
          "M": 6,
          "delta": 0.04,
          "target_fro": 0.08,
          "actual_fro": 0.07999999999999997,
          "power": 0.16666666666666666,
          "M_effective": 6,
          "rejections": 1,
          "runtime_sec": 0.22977018356323242,
          "stationarity_shrinks": 0,
          "skipped": false,
          "pvalue_summary": {
            "count": 6,
            "mean": 0.30416843948694644,
            "std": 0.20637025597541395,
            "q25": 0.09981074384689217,
            "q50": 0.3571874490095075,
            "q75": 0.4877029860071428
          }
        },
        {
          "M": 6,
          "delta": 0.08,
          "target_fro": 0.16,
          "actual_fro": 0.16,
          "power": 0.3333333333333333,
          "M_effective": 6,
          "rejections": 2,
          "runtime_sec": 0.15201735496520996,
          "stationarity_shrinks": 0,
          "skipped": false,
          "pvalue_summary": {
            "count": 6,
            "mean": 0.3070089736141885,
            "std": 0.3336232179519208,
            "q25": 0.05919720942447344,
            "q50": 0.1389199213856558,
            "q75": 0.5041511108620489
          }
        }
      ]
    },
    "sparse_lasso": {
      "model": "sparse_lasso",
      "parameters": {
        "N": 5,
        "T": 200,
        "p": 1,
        "t": 100,
        "M_grid": [
          4,
          6
        ],
        "power_M": 6,
        "B": 4,
        "alpha": 0.05,
        "baseline_pvalue_method": "asymptotic_chi2",
        "sparsity": 0.2,
        "lasso_alpha": 0.02
      },
      "phi": [
        [
          0.0914151239263294,
          -0.0,
          0.22513535874193716,
          0.28216941491736414,
          -0.0
        ],
        [
          -0.0,
          0.0,
          -0.0,
          -0.0,
          -0.0
        ],
        [
          0.26381939245884856,
          0.23333758062868448,
          0.0,
          0.0,
          0.0
        ],
        [
          -0.0,
          0.0,
          -0.0,
          0.0,
          -0.0
        ],
        [
          -0.0,
          -0.0,
          0.0,
          -0.0,
          -0.12849834664893217
        ]
      ],
      "type1_error_by_M": [
        {
          "M": 4,
          "value": 0.0,
          "size_distortion": -0.05,
          "rejections": 0,
          "M_effective": 4,
          "runtime_sec": 1.3563346862792969,
          "pvalue_summary": {
            "count": 4,
            "mean": 0.5,
            "std": 0.25,
            "q25": 0.25,
            "q50": 0.5,
            "q75": 0.75
          }
        },
        {
          "M": 6,
          "value": 0.16666666666666666,
          "size_distortion": 0.11666666666666665,
          "rejections": 1,
          "M_effective": 6,
          "runtime_sec": 1.9406342506408691,
          "pvalue_summary": {
            "count": 6,
            "mean": 0.3333333333333333,
            "std": 0.18633899812498247,
            "q25": 0.25,
            "q50": 0.375,
            "q75": 0.5
          }
        }
      ],
      "power_curve": [
        {
          "M": 6,
          "delta": 0.04,
          "target_fro": 0.2,
          "actual_fro": 0.2,
          "power": 0.16666666666666666,
          "M_effective": 6,
          "rejections": 1,
          "runtime_sec": 1.9605433940887451,
          "stationarity_shrinks": 0,
          "skipped": false,
          "pvalue_summary": {
            "count": 6,
            "mean": 0.4166666666666667,
            "std": 0.31180478223116176,
            "q25": 0.25,
            "q50": 0.375,
            "q75": 0.5
          }
        },
        {
          "M": 6,
          "delta": 0.08,
          "target_fro": 0.4,
          "actual_fro": 0.4,
          "power": 0.8333333333333334,
          "M_effective": 6,
          "rejections": 5,
          "runtime_sec": 1.8563628196716309,
          "stationarity_shrinks": 0,
          "skipped": false,
          "pvalue_summary": {
            "count": 6,
            "mean": 0.125,
            "std": 0.2795084971874737,
            "q25": 0.0,
            "q50": 0.0,
            "q75": 0.0
          }
        }
      ]
    },
    "lowrank_svd": {
      "model": "lowrank_svd",
      "parameters": {
        "N": 10,
        "T": 200,
        "p": 1,
        "t": 100,
        "M_grid": [
          4,
          6
        ],
        "power_M": 6,
        "B": 4,
        "alpha": 0.05,
        "baseline_pvalue_method": "asymptotic_chi2",
        "rank": 2
      },