{
  "seed": 42,
  "jobs": 2,
  "runtime_sec": 7.204910755157471,
  "models": {
    "baseline_ols": {
      "model": "baseline_ols",
      "parameters": {
        "N": 2,
        "T": 100,
        "p": 1,
        "t": 50,
        "M_grid": [
          4,
          6
        ],
        "power_M": 6,
        "B": 4,
        "alpha": 0.05,
        "baseline_pvalue_method": "asymptotic_chi2"
      },
      "phi": [
        [
          0.0914151239263294,
          -0.31199523187214867
        ],
        [
          0.22513535874193716,
          0.28216941491736414
        ]
      ],
      "type1_error_by_M": [
        {
          "M": 4,
          "value": 0.25,
          "size_distortion": 0.2,
          "rejections": 1,
          "M_effective": 4,
          "runtime_sec": 0.2600431442260742,
          "pvalue_summary": {
            "count": 4,
            "mean": 0.13632681777120345,
            "std": 0.10627610922753992,
            "q25": 0.0461714503661423,
            "q50": 0.1293333003747238,
            "q75": 0.21948866777978496
          }
        },
        {
          "M": 6,
          "value": 0.16666666666666666,
          "size_distortion": 0.11666666666666665,
          "rejections": 1,
          "M_effective": 6,
          "runtime_sec": 0.3817143440246582,
          "pvalue_summary": {
            "count": 6,
            "mean": 0.2621960179379041,
            "std": 0.23087129221522473,
            "q25": 0.0750743331087054,
            "q50": 0.1894010430266767,
            "q75": 0.42653511757958273
          }
        }
      ],
      "power_curve": [
        {
          "M": 6,
          "delta": 0.04,
          "target_fro": 0.08,
          "actual_fro": 0.07999999999999997,
          "power": 0.16666666666666666,
          "M_effective": 6,
          "rejections": 1,
          "runtime_sec": 0.22819757461547852,
          "stationarity_shrinks": 0,
          "skipped": false,
          "pvalue_summary": {
            "count": 6,
            "mean": 0.28575141212140603,
            "std": 0.24246102613726725,
            "q25": 0.10226039331159038,
            "q50": 0.17145137757054296,
            "q75": 0.46474447304689376
          }
        },
        {
          "M": 6,
          "delta": 0.08,
          "target_fro": 0.16,
          "actual_fro": 0.16,
          "power": 0.3333333333333333,
          "M_effective": 6,
          "rejections": 2,
          "runtime_sec": 0.214799165725708,
          "stationarity_shrinks": 0,
          "skipped": false,
          "pvalue_summary": {
            "count": 6,
            "mean": 0.1304535295273909,
            "std": 0.11043514115004124,
            "q25": 0.03602719859326852,
            "q50": 0.10275827710739002,
            "q75": 0.2353707696980083
          }
        }
      ]
    },
    "sparse_lasso": {
      "model": "sparse_lasso",
      "parameters": {
        "N": 5,
        "T": 200,
        "p": 1,
        "t": 100,
        "M_grid": [
          4,
          6
        ],
        "power_M": 6,
        "B": 4,
        "alpha": 0.05,
        "baseline_pvalue_method": "asymptotic_chi2",
        "sparsity": 0.2,
        "lasso_alpha": 0.02
      },
      "phi": [
        [
          0.0914151239263294,
          -0.0,
          0.22513535874193716,
          0.28216941491736414,
          -0.0
        ],
        [
          -0.0,
          0.0,
          -0.0,
          -0.0,
          -0.0
        ],
        [
          0.26381939245884856,
          0.23333758062868448,
          0.0,
          0.0,
          0.0
        ],
        [
          -0.0,
          0.0,
          -0.0,
          0.0,
          -0.0
        ],
        [
          -0.0,
          -0.0,
          0.0,
          -0.0,
          -0.12849834664893217
        ]
      ],
      "type1_error_by_M": [
        {
          "M": 4,
          "value": 0.25,
          "size_distortion": 0.2,
          "rejections": 1,
          "M_effective": 4,
          "runtime_sec": 1.4287285804748535,
          "pvalue_summary": {
            "count": 4,
            "mean": 0.4375,
            "std": 0.2724311839712921,
            "q25": 0.375,
            "q50": 0.5,
            "q75": 0.5625
          }
        },
        {
          "M": 6,
          "value": 0.16666666666666666,
          "size_distortion": 0.11666666666666665,
          "rejections": 1,
          "M_effective": 6,
          "runtime_sec": 1.971886157989502,
          "pvalue_summary": {
            "count": 6,
            "mean": 0.3333333333333333,
            "std": 0.23570226039551584,
            "q25": 0.25,
            "q50": 0.25,
            "q75": 0.4375
          }
        }
      ],
      "power_curve": [
        {
          "M": 6,
          "delta": 0.04,
          "target_fro": 0.2,
          "actual_fro": 0.2,
          "power": 0.5,
          "M_effective": 6,
          "rejections": 3,
          "runtime_sec": 2.0887300968170166,
          "stationarity_shrinks": 0,
          "skipped": false,
          "pvalue_summary": {
            "count": 6,
            "mean": 0.2916666666666667,
            "std": 0.3033379120533549,
            "q25": 0.0,
            "q50": 0.25,
            "q75": 0.5
          }
        },
        {
          "M": 6,
          "delta": 0.08,
          "target_fro": 0.4,
          "actual_fro": 0.4,
          "power": 0.8333333333333334,
          "M_effective": 6,
          "rejections": 5,
          "runtime_sec": 1.6944880485534668,
          "stationarity_shrinks": 0,
          "skipped": false,
          "pvalue_summary": {
            "count": 6,
            "mean": 0.08333333333333333,
            "std": 0.18633899812498247,
            "q25": 0.0,
            "q50": 0.0,
            "q75": 0.0
          }
        }
      ]
    },
    "lowrank_svd": {
      "model": "lowrank_svd",
      "parameters": {
        "N": 10,
        "T": 200,
        "p": 1,
        "t": 100,
        "M_grid": [
          4,
          6
        ],
        "power_M": 6,
        "B": 4,
        "alpha": 0.05,
        "baseline_pvalue_method": "asymptotic_chi2",
        "rank": 2
      },