{
  "seed": 2026,
  "jobs": 2,
  "runtime_sec": 7.244288921356201,
  "models": {
    "baseline_ols": {
      "model": "baseline_ols",
      "parameters": {
        "N": 2,
        "T": 100,
        "p": 1,
        "t": 50,
        "M_grid": [
          4,
          6
        ],
        "power_M": 6,
        "B": 4,
        "alpha": 0.05,
        "baseline_pvalue_method": "asymptotic_chi2"
      },
      "phi": [
        [
          -0.23793674254736974,
          0.07217138506148246
        ],
        [
          -0.5688979048797197,
          0.41873151303260825
        ]
      ],
      "type1_error_by_M": [
        {
          "M": 4,
          "value": 0.25,
          "size_distortion": 0.2,
          "rejections": 1,
          "M_effective": 4,
          "runtime_sec": 0.19837212562561035,
          "pvalue_summary": {
            "count": 4,
            "mean": 0.34250534489491113,
            "std": 0.298019232803134,
            "q25": 0.055397307203903956,
            "q50": 0.3218097421715811,
            "q75": 0.6089177798625882
          }
        },
        {
          "M": 6,
          "value": 0.3333333333333333,
          "size_distortion": 0.2833333333333333,
          "rejections": 2,
          "M_effective": 6,
          "runtime_sec": 0.4160318374633789,
          "pvalue_summary": {
            "count": 6,
            "mean": 0.146618387509912,
            "std": 0.11164060241095895,
            "q25": 0.055351597655208785,
            "q50": 0.13667139640417578,
            "q75": 0.19123262962231524
          }
        }
      ],
      "power_curve": [
        {
          "M": 6,
          "delta": 0.04,
          "target_fro": 0.08,
          "actual_fro": 0.08000000000000002,
          "power": 0.16666666666666666,
          "M_effective": 6,
          "rejections": 1,
          "runtime_sec": 0.21362018585205078,
          "stationarity_shrinks": 0,
          "skipped": false,
          "pvalue_summary": {
            "count": 6,
            "mean": 0.18515720461719246,
            "std": 0.18406636618148195,
            "q25": 0.06104745054066775,
            "q50": 0.08225547952351667,
            "q75": 0.30741620602507086
          }
        },
        {
          "M": 6,
          "delta": 0.08,
          "target_fro": 0.16,
          "actual_fro": 0.16000000000000003,
          "power": 0.3333333333333333,
          "M_effective": 6,
          "rejections": 2,
          "runtime_sec": 0.18374919891357422,
          "stationarity_shrinks": 0,
          "skipped": false,
          "pvalue_summary": {
            "count": 6,
            "mean": 0.1985310337457374,
            "std": 0.1699897075938094,
            "q25": 0.0747217127936715,
            "q50": 0.18027622478581493,
            "q75": 0.244929422178939
          }
        }
      ]
    },
    "sparse_lasso": {
      "model": "sparse_lasso",
      "parameters": {
        "N": 5,
        "T": 200,
        "p": 1,
        "t": 100,
        "M_grid": [
          4,
          6
        ],
        "power_M": 6,
        "B": 4,
        "alpha": 0.05,
        "baseline_pvalue_method": "asymptotic_chi2",
        "sparsity": 0.2,
        "lasso_alpha": 0.02
      },
      "phi": [
        [
          -0.0,
          0.07217138506148246,
          -0.0,
          0.0,
          0.0
        ],
        [
          -0.0,
          -0.0,
          0.0,
          -0.0,
          -0.0
        ],
        [
          0.0,
          0.0,
          -0.0,
          -0.0,
          0.0
        ],
        [
          -0.0,
          -0.0,
          0.0,
          -0.0,
          -0.0
        ],
        [
          -0.0,
          0.0,
          -0.06968483162498339,
          -0.0,
          0.0
        ]
      ],
      "type1_error_by_M": [
        {
          "M": 4,
          "value": 0.25,
          "size_distortion": 0.2,
          "rejections": 1,
          "M_effective": 4,
          "runtime_sec": 1.3187713623046875,
          "pvalue_summary": {
            "count": 4,
            "mean": 0.6875,
            "std": 0.409839907768875,
            "q25": 0.5625,
            "q50": 0.875,
            "q75": 1.0
          }
        },
        {
          "M": 6,
          "value": 0.0,
          "size_distortion": -0.05,
          "rejections": 0,
          "M_effective": 6,
          "runtime_sec": 2.039707899093628,
          "pvalue_summary": {
            "count": 6,
            "mean": 0.7083333333333334,
            "std": 0.3033379120533549,
            "q25": 0.5,
            "q50": 0.75,
            "q75": 1.0
          }
        }
      ],
      "power_curve": [
        {
          "M": 6,
          "delta": 0.04,
          "target_fro": 0.2,
          "actual_fro": 0.2,
          "power": 0.5,
          "M_effective": 6,
          "rejections": 3,
          "runtime_sec": 1.8633289337158203,
          "stationarity_shrinks": 0,
          "skipped": false,
          "pvalue_summary": {
            "count": 6,
            "mean": 0.16666666666666666,
            "std": 0.1863389981249825,
            "q25": 0.0,
            "q50": 0.125,
            "q75": 0.25
          }
        },
        {
          "M": 6,
          "delta": 0.08,
          "target_fro": 0.4,
          "actual_fro": 0.4,
          "power": 0.6666666666666666,
          "M_effective": 6,
          "rejections": 4,
          "runtime_sec": 1.823962688446045,
          "stationarity_shrinks": 0,
          "skipped": false,
          "pvalue_summary": {
            "count": 6,
            "mean": 0.08333333333333333,
            "std": 0.11785113019775792,
            "q25": 0.0,
            "q50": 0.0,
            "q75": 0.1875
          }
        }
      ]
    },
    "lowrank_svd": {
      "model": "lowrank_svd",
      "parameters": {
        "N": 10,
        "T": 200,
        "p": 1,
        "t": 100,
        "M_grid": [
          4,
          6
        ],
        "power_M": 6,
        "B": 4,
        "alpha": 0.05,
        "baseline_pvalue_method": "asymptotic_chi2",
        "rank": 2
      },