{
  "seed": 42,
  "jobs": 4,
  "runtime_sec": 17393.021721601486,
  "models": {
    "baseline_ols": {
      "model": "baseline_ols",
      "parameters": {
        "N": 2,
        "T": 100,
        "p": 1,
        "t": 50,
        "M_grid": [
          50,
          100,
          300
        ],
        "power_M": 300,
        "B": 500,
        "alpha": 0.05,
        "baseline_pvalue_method": "asymptotic_chi2"
      },
      "phi": [
        [
          0.0914151239263294,
          -0.31199523187214867
        ],
        [
          0.22513535874193716,
          0.28216941491736414
        ]
      ],
      "type1_error_by_M": [
        {
          "M": 50,
          "value": 0.24,
          "size_distortion": 0.19,
          "rejections": 12,
          "M_effective": 50,
          "runtime_sec": 3.8071019649505615,
          "pvalue_summary": {
            "count": 50,
            "mean": 0.2603491424256926,
            "std": 0.24817855966605823,
            "q25": 0.05237263111267634,
            "q50": 0.20185376595484272,
            "q75": 0.42356896580890646
          }
        },
        {
          "M": 100,
          "value": 0.23,
          "size_distortion": 0.18,
          "rejections": 23,
          "M_effective": 100,
          "runtime_sec": 8.422711610794067,
          "pvalue_summary": {
            "count": 100,
            "mean": 0.2608699964102294,
            "std": 0.2355743192626451,
            "q25": 0.05891742026846796,
            "q50": 0.1756073396284275,
            "q75": 0.41828957836886355
          }
        },
        {
          "M": 300,
          "value": 0.20333333333333334,
          "size_distortion": 0.15333333333333332,
          "rejections": 61,
          "M_effective": 300,
          "runtime_sec": 25.60820984840393,
          "pvalue_summary": {
            "count": 300,
            "mean": 0.2555604312391212,
            "std": 0.22619300671575357,
            "q25": 0.06603905000857183,
            "q50": 0.18556155081681333,
            "q75": 0.40288393853005555
          }
        }
      ],
      "power_curve": [
        {
          "M": 300,
          "delta": 0.04,
          "target_fro": 0.08,
          "actual_fro": 0.07999999999999997,
          "power": 0.2,
          "M_effective": 300,
          "rejections": 60,
          "runtime_sec": 12.728238582611084,
          "stationarity_shrinks": 0,
          "skipped": false,
          "pvalue_summary": {
            "count": 300,
            "mean": 0.23675040326593613,
            "std": 0.2261190866191476,
            "q25": 0.06206744969377164,
            "q50": 0.16468234188180586,
            "q75": 0.34061331384809523
          }
        },
        {
          "M": 300,
          "delta": 0.08,
          "target_fro": 0.16,
          "actual_fro": 0.16,
          "power": 0.29333333333333333,
          "M_effective": 300,
          "rejections": 88,
          "runtime_sec": 12.545464754104614,
          "stationarity_shrinks": 0,
          "skipped": false,
          "pvalue_summary": {
            "count": 300,
            "mean": 0.213338242811131,
            "std": 0.21967997387900629,
            "q25": 0.038909971170186776,
            "q50": 0.13016376953998415,
            "q75": 0.3262119893153494
          }
        },
        {
          "M": 300,
          "delta": 0.12,
          "target_fro": 0.24,
          "actual_fro": 0.23999999999999996,
          "power": 0.33666666666666667,
          "M_effective": 300,
          "rejections": 101,
          "runtime_sec": 13.14621376991272,
          "stationarity_shrinks": 0,
          "skipped": false,
          "pvalue_summary": {
            "count": 300,
            "mean": 0.19503364250964358,
            "std": 0.2184252521576292,
            "q25": 0.02303865473565779,
            "q50": 0.10413926571991748,
            "q75": 0.29951923446630013
          }
        },
        {
          "M": 300,
          "delta": 0.16,
          "target_fro": 0.32,
          "actual_fro": 0.32,
          "power": 0.43666666666666665,
          "M_effective": 300,
          "rejections": 131,
          "runtime_sec": 12.603799819946289,
          "stationarity_shrinks": 0,
          "skipped": false,
          "pvalue_summary": {
            "count": 300,
            "mean": 0.13107571104657753,
            "std": 0.16357671758551354,
            "q25": 0.015544162541383164,
            "q50": 0.06896930894376767,
            "q75": 0.19100313560740184
          }
        }
      ]
    },
    "sparse_lasso": {
      "model": "sparse_lasso",
      "parameters": {
        "N": 5,
        "T": 200,
        "p": 1,
        "t": 100,
        "M_grid": [
          50,
          100,
          300
        ],
        "power_M": 300,
        "B": 500,
        "alpha": 0.05,
        "baseline_pvalue_method": "asymptotic_chi2",
        "sparsity": 0.2,
        "lasso_alpha": 0.02
      },
      "phi": [
        [
          0.0914151239263294,
          -0.0,
          0.22513535874193716,
          0.28216941491736414,
          -0.0
        ],
        [
          -0.0,
          0.0,
          -0.0,
          -0.0,
          -0.0
        ],
        [
          0.26381939245884856,
          0.23333758062868448,
          0.0,
          0.0,
          0.0
        ],
        [
          -0.0,
          0.0,
          -0.0,
          0.0,
          -0.0
        ],
        [
          -0.0,
          -0.0,
          0.0,
          -0.0,
          -0.12849834664893217
        ]
      ],
      "type1_error_by_M": [
        {
          "M": 50,
          "value": 0.08,
          "size_distortion": 0.03,
          "rejections": 4,
          "M_effective": 50,
          "runtime_sec": 533.1336314678192,
          "pvalue_summary": {
            "count": 50,
            "mean": 0.41808,
            "std": 0.2408753901916923,
            "q25": 0.232,
            "q50": 0.396,
            "q75": 0.632
          }
        },
        {
          "M": 100,
          "value": 0.03,
          "size_distortion": -0.020000000000000004,
          "rejections": 3,
          "M_effective": 100,
          "runtime_sec": 1011.3078191280365,
          "pvalue_summary": {
            "count": 100,
            "mean": 0.48719999999999997,
            "std": 0.2890335620650308,
            "q25": 0.257,
            "q50": 0.472,
            "q75": 0.705
          }
        },
        {
          "M": 300,
          "value": 0.056666666666666664,
          "size_distortion": 0.006666666666666661,
          "rejections": 17,
          "M_effective": 300,
          "runtime_sec": 3037.868614435196,
          "pvalue_summary": {
            "count": 300,
            "mean": 0.49402000000000007,
            "std": 0.2768929749921439,
            "q25": 0.276,
            "q50": 0.502,
            "q75": 0.7204999999999999
          }
        }
      ],
      "power_curve": [
        {
          "M": 300,
          "delta": 0.04,
          "target_fro": 0.2,
          "actual_fro": 0.2,
          "power": 0.08,
          "M_effective": 300,
          "rejections": 24,
          "runtime_sec": 3031.075588464737,
          "stationarity_shrinks": 0,
          "skipped": false,
          "pvalue_summary": {
            "count": 300,
            "mean": 0.4673533333333333,
            "std": 0.2947626307537794,
            "q25": 0.192,
            "q50": 0.462,
            "q75": 0.7144999999999999
          }
        },
        {
          "M": 300,
          "delta": 0.08,
          "target_fro": 0.4,
          "actual_fro": 0.4,
          "power": 0.25,
          "M_effective": 300,
          "rejections": 75,
          "runtime_sec": 3056.7235453128815,
          "stationarity_shrinks": 0,
          "skipped": false,
          "pvalue_summary": {
            "count": 300,
            "mean": 0.25707333333333326,
            "std": 0.23899725512138326,
            "q25": 0.053,
            "q50": 0.187,