scope,seed,model,metric,M,delta,target_fro,actual_fro,value_mean,value_std,size_distortion_mean,rejections_mean,effective_iterations_mean,runtime_sec_mean,mc_se,ci95_low,ci95_high,seed_count,perturbation_type,target_fro_mean,actual_fro_mean
aggregate,,lowrank_rrr_fv,type1_error,100,,,,0.08499999999999999,0.0049999999999999975,0.034999999999999996,8.5,100.0,15.934012532234192,0.01971991379291502,0.046348968965886556,0.12365103103411343,2,,,
aggregate,,lowrank_rrr_fv,type1_error,300,,,,0.04833333333333334,0.001666666666666667,-0.001666666666666667,14.5,300.0,51.35332405567169,0.008755685983236098,0.03117218880619059,0.06549447786047609,2,,,
aggregate,,lowrank_rrr_fv,power,300,0.1,,,0.058333333333333334,0.011666666666666669,,17.5,300.0,53.45704889297485,,,,2,lowrank_fixedV,0.1,0.1
aggregate,,lowrank_rrr_fv,power,300,0.3,,,0.07833333333333334,0.0049999999999999975,,23.5,300.0,54.91293549537659,,,,2,lowrank_fixedV,0.3,0.3
aggregate,,lowrank_rrr_fv,power,300,0.5,,,0.11333333333333334,0.003333333333333334,,34.0,300.0,53.44349753856659,,,,2,lowrank_fixedV,0.5,0.5
