{
  "seed": 42,
  "jobs": 10,
  "runtime_sec": 503.9366581439972,
  "models": {
    "lowrank_svd": {
      "model": "lowrank_svd",
      "parameters": {
        "N": 20,
        "T": 500,
        "p": 1,
        "t": 250,
        "M_grid": [
          50,
          100,
          300,
          500,
          1000,
          2000
        ],
        "power_M": 2000,
        "B": 500,
        "alpha": 0.05,
        "pvalue_method": "bootstrap_lr",
        "rank": 2
      },
      "phi": [
        [
          -0.03801190864631152,
          -0.04990185829428659,
          -0.021553833064271232,
          0.003707333030662633,
          0.015344007022125754,
          -0.06385277596014481,
          -0.012532553479020424,
          0.058535227184944916,
          -0.1840619146367289,
          -0.14275435358605928,
          -0.018481282927437056,
          -0.06291347612246795,
          -0.06833655884931296,
          0.042076799299615886,
          0.05171681459802767,
          0.08872833568984714,
          -0.08955226791063453,
          -0.0757896176266274,
          -0.033145736897090494,
          0.05755247404363008
        ],
        [
          0.12004312099426204,
          -0.031573077000489176,
          0.032942174302740476,
          0.09708509958886187,
          0.06437218484479272,
          0.09107159390245073,
          -0.1566125216128527,
          -0.10715304270458996,
          0.1347541492165241,
          0.02931460722319571,
          -0.1772475227432715,
          0.07565751921909479,
          0.1437774296257934,
          -0.07824729031870085,
          0.05211464503477355,
          -0.22727759177621037,
          -0.024981717380427995,
          0.0849598785923339,
          -0.019266635643606422,
          0.020052868264769656
        ],
        [
          -0.24234455548588282,
          0.11189563026903471,
          -0.05756217570226725,
          -0.22369189984562027,
          -0.1586781390027511,
          -0.15570678096537502,
          0.3661153471840566,
          0.1965410221039134,
          -0.15837320247617956,
          0.04812235221873208,
          0.41780897834260505,
          -0.1214198529557527,
          -0.2719225511854765,
          0.14405878280501883,
          -0.16005355571342456,
          0.4453565239847696,
          0.1287874224899269,
          -0.13221604386714306,
          0.0704475184366896,
          -0.09185642452594468
        ],
        [
          -0.008621533071507915,
          -0.01780440230069002,
          -0.006093043906636154,
          0.004571159491879147,
          0.007348881475077273,
          -0.018274034212938616,
          -0.009569515992998403,
          0.015940753639648832,
          -0.05705763555114135,
          -0.046831020907144354,
          -0.01227043375525165,
          -0.018487798001964165,
          -0.017969346454947133,
          0.011416749781522089,
          0.019116912904008652,
          0.021939459899548916,
          -0.030865021227141447,
          -0.02248355944441403,
          -0.011767559495870652,
          0.019973074606704357
        ],
        [
          -0.05344993905088476,
          -0.020990597789811077,
          -0.021175828734029244,
          -0.02307046191507172,
          -0.007757010429425523,
          -0.06103819329324584,
          0.033382257872743064,
          0.06210754099776393,
          -0.14273191766842497,
          -0.09115017854014944,
          0.03526609662458031,
          -0.05648130915367169,
          -0.07736397382541038,
          0.04496252950014469,
          0.016712276246436994,
          0.11100367566301174,
          -0.04590462451533495,
          -0.06643384090499718,
          -0.014385545112592832,
          0.028462130709797796
        ],
        [
          0.12087769016760527,
          -0.045457835229042044,
          0.030633723056403397,
          0.10561924569429881,
          0.07297047457896212,
          0.08371661040800898,
          -0.17187411938880776,
          -0.10228470775339506,
          0.10343441917538704,
          -0.0009313467934422954,
          -0.19550036942932683,
          0.06729615168677006,
          0.1395734166463557,
          -0.07484461272450578,
          0.06804018964660476,
          -0.22503402594172428,
          -0.047390186706904786,
          0.07439766986228205,
          -0.028354143264161677,
          0.03477069995029619
        ],
        [
          0.07428990104502516,
          0.02446111863900803,
          0.02855694982600758,
          0.03477648331421127,
          0.013592939382936904,
          0.08208139107818707,
          -0.051286608592176236,
          -0.0843868455613579,
          0.18725616667272785,
          0.11618610833048858,
          -0.054887256950450436,
          0.07543761777128984,
          0.10573303386820478,
          -0.06113192569045927,
          -0.017860011507064556,
          -0.1529647385662774,
          0.056133098719797346,
          0.08848915156446227,
          0.016906012395706986,
          -0.03453079461270385
        ],
        [
          -0.013395578278484149,
          -0.05735959113364121,
          -0.014981215396624118,
          0.024181343396210263,
          0.029130808633208938,
          -0.04575220187797105,
          -0.04566769439906897,
          0.036966070815419964,
          -0.15874992386423997,
          -0.1389340388748779,
          -0.05605279905894755,
          -0.04803845256784492,
          -0.03922763789897507,
          0.026315204592883428,
          0.06352341934398877,
          0.04239737820385789,
          -0.09627498077166102,
          -0.05917004472376892,
          -0.037740851966650696,
          0.06271355191687171
        ],
        [
          -0.027717379258298713,
          -0.0525738295328292,
          -0.018722195654762255,
          0.012012556310811271,
          0.020843110782452826,
          -0.0560219227633245,
          -0.02592619982802053,
          0.04933147190843846,
          -0.17242168774814468,
          -0.14016101016633517,
          -0.0336370965875912,
          -0.05640214146866371,
          -0.055993077124008084,
          0.0353562590993682,
          0.05614541771732526,
          0.0692277353549439,
          -0.09163663510669492,
          -0.06847463275981375,
          -0.03477463357971724,
          0.05923412603431264
        ],
        [
          0.07029660833562754,
          -0.06697312484865418,
          0.010287846782133209,
          0.08473678044177771,
          0.06661476495407279,
          0.024989262689161792,
          -0.14199627839549944,
          -0.04283238915835833,
          -0.0355344908760004,
          -0.09086876241982413,
          -0.16418393460629202,
          0.012772439519160956,
          0.06573304373193439,
          -0.03181846622821378,
          0.0857361462452818,
          -0.11952627302450083,
          -0.09351783350700461,
          0.010181846414173511,
          -0.04304952799779405,
          0.06346684607092411
        ],
        [
          -0.05698025009289723,
          -0.00393810646889166,
          -0.019150588046577557,
          -0.035198854512523296,
          -0.019267391763583122,
          -0.05429109289338631,
          0.05471084820700998,
          0.05863551435992829,
          -0.10863453917908357,
          -0.05608386942179253,
          0.06056171171181662,
          -0.04821988738550321,
          -0.07545243784069636,
          0.04260690501147614,
          -0.003183784509836813,
          0.11317598755772248,
          -0.018934571209181062,
          -0.05577285450462342,
          -0.003254412352430153,
          0.010670968168850315
        ],
        [
          0.0926429104376761,
          -0.0954246160000653,
          0.01222837107525585,
          0.11579224741340698,
          0.09206230510831614,
          0.028746580622078053,
          -0.19456256228737623,
          -0.05350639372741751,
          -0.06373540947574864,
