{
  "seed": 2026,
  "jobs": 10,
  "runtime_sec": 486.13159012794495,
  "models": {
    "lowrank_svd": {
      "model": "lowrank_svd",
      "parameters": {
        "N": 20,
        "T": 500,
        "p": 1,
        "t": 250,
        "M_grid": [
          50,
          100,
          300,
          500,
          1000,
          2000
        ],
        "power_M": 2000,
        "B": 500,
        "alpha": 0.05,
        "pvalue_method": "bootstrap_lr",
        "rank": 2
      },
      "phi": [
        [
          -0.01671170281216816,
          0.05348683273731818,
          -0.01589641163912569,
          -0.10287462860789548,
          -0.0678670899182888,
          -0.05787207212612335,
          0.04085735464464055,
          0.018456186114937084,
          0.01593399839158407,
          -0.06164116290607665,
          0.028826788450334317,
          0.022606270788934686,
          0.0552346057124796,
          0.028408384502500054,
          0.05367487149490659,
          0.06469805176439082,
          -0.10289194527916484,
          -0.04155465976234868,
          -0.001896396427709649,
          -0.056737084812440844
        ],
        [
          -0.06745243094019862,
          0.19112204746614422,
          -0.006495638422715627,
          -0.28169061450413535,
          -0.024310416078503233,
          -0.1021564887662235,
          0.14123031523142682,
          0.04318011096970543,
          0.05052462035370378,
          -0.17170705269925687,
          0.025010994716865086,
          -0.008607711241594193,
          0.18868737291212923,
          0.07918042233927447,
          0.13576249060681456,
          0.12409677135275501,
          -0.2715351740411515,
          -0.07943185837479282,
          -0.033085626053449564,
          -0.14342270006420865
        ],
        [
          0.016747797266256165,
          -0.05063163227512267,
          0.009012933955313086,
          0.08707740647344787,
          0.03806875461840217,
          0.04223040979293846,
          -0.03810490038773041,
          -0.014739582166276664,
          -0.014314262593533042,
          0.05252615824357263,
          -0.017931506806902503,
          -0.010676521571572267,
          -0.05124483623630977,
          -0.024213131698508857,
          -0.044087915781923386,
          -0.04839801801205776,
          0.08586809605718093,
          0.03105253176058605,
          0.00495131594948182,
          0.046592961686870854
        ],
        [
          -0.01358325393820692,
          0.037160291630926226,
          0.0017820022779198655,
          -0.049569945987124595,
          0.008480345139914415,
          -0.013529108818544014,
          0.027171408070300898,
          0.007017461320709922,
          0.00943553122030964,
          -0.030446580766958768,
          0.000142056982488516,
          -0.007083997228338943,
          0.03616153028504492,
          0.01404362963833266,
          0.023005106957583205,
          0.017646671700910974,
          -0.04697696180673331,
          -0.011264410501546024,
          -0.008025376823906782,
          -0.02429585289732722
        ],
        [
          0.004650198000796609,
          -0.0056155868732086925,
          -0.017157912316894643,
          -0.02134929909444124,
          -0.07453338711383968,
          -0.03308319013856197,
          -0.0025069390254148114,
          0.006583294851929912,
          0.000726600078128041,
          -0.01169881932207551,
          0.026162510991075718,
          0.031078709913605014,
          -0.002550671509704637,
          0.005374277420960425,
          0.01533417166698438,
          0.03328368399115615,
          -0.025171261729288723,
          -0.02148010626575014,
          0.010045236171801784,
          -0.016240888475132498
        ],
        [
          -0.009392514734485491,
          0.00793703295508095,
          0.04258570560565454,
          0.06148481029432303,
          0.18486955283621292,
          0.08489529660389786,
          0.0018072042084160635,
          -0.017603094928481045,
          -0.0033637709792103255,
          0.03423066618820191,
          -0.06540408439631915,
          -0.07650429473373818,
          0.00044158697329339846,
          -0.01573443221776926,
          -0.04209466701863451,
          -0.0860718569532073,
          0.07061059083282291,
          0.055527352647689786,
          -0.023786668897342787,
          0.04457233314906593
        ],
        [
          0.0021646438455515337,
          -0.0037615210815542103,
          -0.005314796892625215,
          -0.0037502136502157207,
          -0.02312817156979363,
          -0.009309913154643065,
          -0.0022642371618249372,
          0.0016134901589878604,
          -0.00030071580131778265,
          -0.0018734866905361122,
          0.007945975714418402,
          0.009840050120697915,
          -0.00277452353837516,
          0.0008575092970562727,
          0.003390071706889235,
          0.009143239869157122,
          -0.00505549753673938,
          -0.00590758373868408,
          0.003497573226143015,
          -0.0035943734837966543
        ],
        [
          0.022329345837632,
          -0.05440935970843662,
          -0.018480200220399774,
          0.045476833484905145,
          -0.08125495539911577,
          -0.013202077249603464,
          -0.038281040483473854,
          -0.003091628334278186,
          -0.011792532439153583,
          0.02926155010403102,
          0.0243983152268889,
          0.038572351814920997,
          -0.05020858524715018,
          -0.01351757001412229,
          -0.016006364315183964,
          0.007946382954904928,
          0.03845679660543312,
          -0.005292425743263658,
          0.02005087176481422,
          0.016860862329859463
        ],
        [
          -0.02277460164540131,
          0.060041746417253836,
          0.00825924254032111,
          -0.07090542446109428,
          0.03703694078994762,
          -0.010669523885131491,
          0.04339278802732512,
          0.008903498338202436,
          0.014559775941263174,
          -0.04400165312846149,
          -0.00811153627823021,
          -0.02100526042306825,
          0.057499730191017305,
          0.020302934123266596,
          0.031178256370422198,
          0.017060390591689914,
          -0.06562312562139065,
          -0.010815591421613561,
          -0.01578063662522559,
          -0.03291280326265961
        ],
        [
          0.04463031791654556,
          -0.10016972974333471,
          -0.05691649759073338,
          0.04462963344242332,
          -0.2488916532326217,
          -0.07192362643452903,
          -0.06830911170438235,
          0.004669857151190134,
          -0.018792668423158642,
          0.03177603394426025,
          0.08041250121637476,
          0.11169144371433043,
          -0.08848582667665215,
          -0.014724294354932048,
          -0.00396913963576102,
          0.06336296211231461,
          0.02705570610909023,
          -0.04116891379644127,
          0.04888745861050889,
          0.004048772851013725
        ],
        [
          -0.027207509237586806,
          0.0716324302255673,
          0.010090388954483076,
          -0.08418898010523,
          0.04521356380937789,
          -0.012236775208996076,
          0.05174707700986115,
          0.010515109830724255,
          0.017340275389519346,
          -0.05226739961490744,
          -0.010044474890783419,
          -0.02548086118444789,
          0.06855884428272996,
          0.024117199463366996,
          0.03693332872974709,
          0.01984982541062305,
          -0.07783888178626232,
          -0.012578494340385693,
          -0.018950806720824998,
          -0.03898727399039207
        ],
        [
          0.0024500958450094914,
          -0.0012269091936978073,
          -0.013073008172692436,
          -0.02058729097834826,
          -0.0567270131640519,
          -0.02662229311771762,
          0.00033517543677554363,
