{
  "experiment_info": {
    "timestamp": "2026-03-07 19:25:52",
    "description": "Large-scale known-breakpoint LR+Bootstrap experiments",
    "config": {
      "M": 300,
      "B": 500,
      "alpha": 0.05,
      "deltas": [
        0.04,
        0.08,
        0.12,
        0.16
      ],
      "seed": 42,
      "jobs": 8
    },
    "total_runtime_sec": 3941.6055343151093
  },
  "models": {
    "baseline_ols": {
      "model": "baseline_ols",
      "parameters": {
        "N": 2,
        "T": 100,
        "p": 1,
        "t": 50,
        "M": 300,
        "B": 500,
        "alpha": 0.05
      },
      "phi": [
        [
          0.14901424590336979,
          -0.0414792903513554
        ],
        [
          0.19430656143020775,
          0.45690895692240757
        ]
      ],
      "type1_error": {
        "value": 0.04666666666666667,
        "size_distortion": -0.003333333333333334,
        "rejections": 14,
        "M_effective": 300,
        "runtime_sec": 127.16553044319153,
        "pvalue_summary": {
          "count": 300,
          "mean": 0.49182,
          "std": 0.2806434646783471,
          "q25": 0.241,
          "q50": 0.494,
          "q75": 0.736
        }
      },
      "power_curve": [
        {
          "delta": 0.04,
          "power": 0.04666666666666667,
          "M_effective": 300,
          "rejections": 14,
          "runtime_sec": 143.43851685523987,
          "stationarity_shrinks": 0,
          "skipped": false,
          "pvalue_summary": {
            "count": 300,
            "mean": 0.48486000000000007,
            "std": 0.27953531750627386,
            "q25": 0.22,
            "q50": 0.506,
            "q75": 0.7084999999999999
          }
        },
        {
          "delta": 0.08,
          "power": 0.05,
          "M_effective": 300,
          "rejections": 15,
          "runtime_sec": 144.46494388580322,
          "stationarity_shrinks": 0,
          "skipped": false,
          "pvalue_summary": {
            "count": 300,
            "mean": 0.4568533333333333,
            "std": 0.2764130577394796,
            "q25": 0.2115,
            "q50": 0.455,
            "q75": 0.6755
          }
        },
        {
          "delta": 0.12,
          "power": 0.08333333333333333,
          "M_effective": 300,
          "rejections": 25,
          "runtime_sec": 143.7039020061493,
          "stationarity_shrinks": 0,
          "skipped": false,
          "pvalue_summary": {
            "count": 300,
            "mean": 0.40718,
            "std": 0.27038448106354035,
            "q25": 0.1755,
            "q50": 0.38,
            "q75": 0.609
          }
        },
        {
          "delta": 0.16,
          "power": 0.14,
          "M_effective": 300,
          "rejections": 42,
          "runtime_sec": 144.30778622627258,
          "stationarity_shrinks": 0,
          "skipped": false,
          "pvalue_summary": {
            "count": 300,
            "mean": 0.33860666666666667,
            "std": 0.2564966379680032,
            "q25": 0.118,
            "q50": 0.283,
            "q75": 0.5085
          }
        }
      ]
    },
    "sparse_lasso": {
      "model": "sparse_lasso",
      "parameters": {
        "N": 5,
        "T": 200,
        "p": 1,
        "t": 100,
        "M": 300,
        "B": 500,
        "alpha": 0.05,
        "sparsity": 0.2,
        "lasso_alpha": 0.02
      },
      "phi": [
        [
          0.0,
          -0.0414792903513554,
          0.19430656143020775,
          0.0,
          -0.0
        ],
        [
          -0.0,
          0.0,
          0.23023041874587263,
          -0.0,
          0.0
        ],
        [
          -0.13902530784373868,
          -0.0,
          0.07258868146981023,
          -0.0,
          -0.0
        ],
        [
          -0.0,
          -0.0,
          0.0,
          -0.0,
          -0.42369111040058743
        ],
        [
          0.0,
          -0.0,
          0.0,
          -0.0,
          -0.0
        ]
      ],
      "type1_error": {
        "value": 0.056666666666666664,
        "size_distortion": 0.006666666666666661,
        "rejections": 17,
        "M_effective": 300,
        "runtime_sec": 616.7911002635956,
        "pvalue_summary": {
          "count": 300,
          "mean": 0.4956866666666666,
          "std": 0.29159541918365056,
          "q25": 0.224,
          "q50": 0.505,
          "q75": 0.7284999999999999
        }
      },
      "power_curve": [
        {
          "delta": 0.04,
          "power": 0.1,
          "M_effective": 300,
          "rejections": 30,
          "runtime_sec": 486.1422839164734,
          "stationarity_shrinks": 0,
          "skipped": false,
          "pvalue_summary": {
            "count": 300,
            "mean": 0.44104000000000004,
            "std": 0.28600174544921925,
            "q25": 0.187,
            "q50": 0.422,
            "q75": 0.677
          }
        },
        {
          "delta": 0.08,
          "power": 0.20333333333333334,
          "M_effective": 300,
          "rejections": 61,
          "runtime_sec": 483.41236543655396,
          "stationarity_shrinks": 0,
          "skipped": false,
          "pvalue_summary": {
            "count": 300,
            "mean": 0.2880466666666667,
            "std": 0.2581677706884076,
            "q25": 0.077,
            "q50": 0.222,
            "q75": 0.458
          }
        },
        {
          "delta": 0.12,
          "power": 0.54,
          "M_effective": 300,
          "rejections": 162,
          "runtime_sec": 470.3375062942505,
          "stationarity_shrinks": 0,
          "skipped": false,
          "pvalue_summary": {
            "count": 300,
            "mean": 0.11299999999999999,
            "std": 0.1702296096453258,
            "q25": 0.008,
            "q50": 0.036,
            "q75": 0.148
          }
        },
        {
          "delta": 0.16,
          "power": 0.9266666666666666,
          "M_effective": 300,
          "rejections": 278,
          "runtime_sec": 471.41558289527893,
          "stationarity_shrinks": 0,
          "skipped": false,
          "pvalue_summary": {
            "count": 300,
            "mean": 0.01812666666666667,
            "std": 0.06326091965467745,
            "q25": 0.0,
            "q50": 0.0,
            "q75": 0.006
          }
        }
      ]
    },
    "lowrank_svd": {
      "model": "lowrank_svd",
      "parameters": {
        "N": 10,
        "T": 200,
        "p": 1,
        "t": 100,
        "M": 300,
        "B": 500,
        "alpha": 0.05,
        "rank": 2
      },