{
  "seed": 2026,
  "jobs": 2,
  "runtime_sec": 7.492500305175781,
  "models": {
    "baseline_ols": {
      "model": "baseline_ols",
      "parameters": {
        "N": 2,
        "T": 100,
        "p": 1,
        "t": 50,
        "M_grid": [
          4,
          6
        ],
        "power_M": 6,
        "B": 4,
        "alpha": 0.05
      },
      "phi": [
        [
          -0.23793674254736974,
          0.07217138506148246
        ],
        [
          -0.5688979048797197,
          0.41873151303260825
        ]
      ],
      "type1_error_by_M": [
        {
          "M": 4,
          "value": 0.25,
          "size_distortion": 0.2,
          "rejections": 1,
          "M_effective": 4,
          "runtime_sec": 0.525810718536377,
          "pvalue_summary": {
            "count": 4,
            "mean": 0.75,
            "std": 0.4330127018922193,
            "q25": 0.75,
            "q50": 1.0,
            "q75": 1.0
          }
        },
        {
          "M": 6,
          "value": 0.0,
          "size_distortion": -0.05,
          "rejections": 0,
          "M_effective": 6,
          "runtime_sec": 0.7178890705108643,
          "pvalue_summary": {
            "count": 6,
            "mean": 0.5833333333333334,
            "std": 0.3435921354681384,
            "q25": 0.25,
            "q50": 0.5,
            "q75": 0.9375
          }
        }
      ],
      "power_curve": [
        {
          "M": 6,
          "delta": 0.04,
          "target_fro": 0.04,
          "actual_fro": 0.040000000000000015,
          "power": 0.16666666666666666,
          "M_effective": 6,
          "rejections": 1,
          "runtime_sec": 0.6536438465118408,
          "stationarity_shrinks": 0,
          "skipped": false,
          "pvalue_summary": {
            "count": 6,
            "mean": 0.7083333333333334,
            "std": 0.3656235161413384,
            "q25": 0.5625,
            "q50": 0.875,
            "q75": 1.0
          }
        },
        {
          "M": 6,
          "delta": 0.08,
          "target_fro": 0.08,
          "actual_fro": 0.08000000000000002,
          "power": 0.0,
          "M_effective": 6,
          "rejections": 0,
          "runtime_sec": 0.6841073036193848,
          "stationarity_shrinks": 0,
          "skipped": false,
          "pvalue_summary": {
            "count": 6,
            "mean": 0.625,
            "std": 0.3145764348029479,
            "q25": 0.3125,
            "q50": 0.625,
            "q75": 0.9375
          }
        }
      ]
    },
    "sparse_lasso": {
      "model": "sparse_lasso",
      "parameters": {
        "N": 5,
        "T": 200,
        "p": 1,
        "t": 100,
        "M_grid": [
          4,
          6
        ],
        "power_M": 6,
        "B": 4,
        "alpha": 0.05,
        "sparsity": 0.2,
        "lasso_alpha": 0.02
      },
      "phi": [
        [
          -0.0,
          0.07217138506148246,
          -0.0,
          0.0,
          0.0
        ],
        [
          -0.0,
          -0.0,
          0.0,
          -0.0,
          -0.0
        ],
        [
          0.0,
          0.0,
          -0.0,
          -0.0,
          0.0
        ],
        [
          -0.0,
          -0.0,
          0.0,
          -0.0,
          -0.0
        ],
        [
          -0.0,
          0.0,
          -0.06968483162498339,
          -0.0,
          0.0
        ]
      ],
      "type1_error_by_M": [
        {
          "M": 4,
          "value": 0.0,
          "size_distortion": -0.05,
          "rejections": 0,
          "M_effective": 4,
          "runtime_sec": 1.5134592056274414,
          "pvalue_summary": {
            "count": 4,
            "mean": 0.6875,
            "std": 0.3247595264191645,
            "q25": 0.4375,
            "q50": 0.75,
            "q75": 1.0
          }
        },
        {
          "M": 6,
          "value": 0.16666666666666666,
          "size_distortion": 0.11666666666666665,
          "rejections": 1,
          "M_effective": 6,
          "runtime_sec": 2.1737496852874756,
          "pvalue_summary": {
            "count": 6,
            "mean": 0.5416666666666666,
            "std": 0.3359274061791062,
            "q25": 0.3125,
            "q50": 0.625,
            "q75": 0.75
          }
        }
      ],
      "power_curve": [
        {
          "M": 6,
          "delta": 0.04,
          "target_fro": 0.04,
          "actual_fro": 0.04000000000000001,
          "power": 0.16666666666666666,
          "M_effective": 6,
          "rejections": 1,
          "runtime_sec": 1.6669306755065918,
          "stationarity_shrinks": 0,
          "skipped": false,
          "pvalue_summary": {
            "count": 6,
            "mean": 0.4583333333333333,
            "std": 0.2667968432263687,
            "q25": 0.3125,
            "q50": 0.5,
            "q75": 0.6875
          }
        },
        {
          "M": 6,
          "delta": 0.08,
          "target_fro": 0.08,
          "actual_fro": 0.08,
          "power": 0.3333333333333333,
          "M_effective": 6,
          "rejections": 2,
          "runtime_sec": 1.8707783222198486,
          "stationarity_shrinks": 0,
          "skipped": false,
          "pvalue_summary": {
            "count": 6,
            "mean": 0.2916666666666667,
            "std": 0.2667968432263687,
            "q25": 0.0625,
            "q50": 0.25,
            "q75": 0.4375
          }
        }
      ]
    },
    "lowrank_svd": {
      "model": "lowrank_svd",
      "parameters": {
        "N": 10,
        "T": 200,
        "p": 1,
        "t": 100,
        "M_grid": [
          4,
          6
        ],
        "power_M": 6,
        "B": 4,
        "alpha": 0.05,
        "rank": 2
      },