{
  "seed": 42,
  "jobs": 2,
  "runtime_sec": 7.478491306304932,
  "models": {
    "baseline_ols": {
      "model": "baseline_ols",
      "parameters": {
        "N": 2,
        "T": 100,
        "p": 1,
        "t": 50,
        "M_grid": [
          4,
          6
        ],
        "power_M": 6,
        "B": 4,
        "alpha": 0.05
      },
      "phi": [
        [
          0.0914151239263294,
          -0.31199523187214867
        ],
        [
          0.22513535874193716,
          0.28216941491736414
        ]
      ],
      "type1_error_by_M": [
        {
          "M": 4,
          "value": 0.5,
          "size_distortion": 0.45,
          "rejections": 2,
          "M_effective": 4,
          "runtime_sec": 0.5044267177581787,
          "pvalue_summary": {
            "count": 4,
            "mean": 0.1875,
            "std": 0.2072890493972125,
            "q25": 0.0,
            "q50": 0.125,
            "q75": 0.3125
          }
        },
        {
          "M": 6,
          "value": 0.5,
          "size_distortion": 0.45,
          "rejections": 3,
          "M_effective": 6,
          "runtime_sec": 0.7505612373352051,
          "pvalue_summary": {
            "count": 6,
            "mean": 0.2916666666666667,
            "std": 0.3656235161413384,
            "q25": 0.0,
            "q50": 0.125,
            "q75": 0.4375
          }
        }
      ],
      "power_curve": [
        {
          "M": 6,
          "delta": 0.04,
          "target_fro": 0.04,
          "actual_fro": 0.040000000000000015,
          "power": 0.16666666666666666,
          "M_effective": 6,
          "rejections": 1,
          "runtime_sec": 0.6765730381011963,
          "stationarity_shrinks": 0,
          "skipped": false,
          "pvalue_summary": {
            "count": 6,
            "mean": 0.4583333333333333,
            "std": 0.2667968432263687,
            "q25": 0.3125,
            "q50": 0.5,
            "q75": 0.6875
          }
        },
        {
          "M": 6,
          "delta": 0.08,
          "target_fro": 0.08,
          "actual_fro": 0.07999999999999997,
          "power": 0.16666666666666666,
          "M_effective": 6,
          "rejections": 1,
          "runtime_sec": 0.6825971603393555,
          "stationarity_shrinks": 0,
          "skipped": false,
          "pvalue_summary": {
            "count": 6,
            "mean": 0.4583333333333333,
            "std": 0.3359274061791062,
            "q25": 0.25,
            "q50": 0.375,
            "q75": 0.6875
          }
        }
      ]
    },
    "sparse_lasso": {
      "model": "sparse_lasso",
      "parameters": {
        "N": 5,
        "T": 200,
        "p": 1,
        "t": 100,
        "M_grid": [
          4,
          6
        ],
        "power_M": 6,
        "B": 4,
        "alpha": 0.05,
        "sparsity": 0.2,
        "lasso_alpha": 0.02
      },
      "phi": [
        [
          0.0914151239263294,
          -0.0,
          0.22513535874193716,
          0.28216941491736414,
          -0.0
        ],
        [
          -0.0,
          0.0,
          -0.0,
          -0.0,
          -0.0
        ],
        [
          0.26381939245884856,
          0.23333758062868448,
          0.0,
          0.0,
          0.0
        ],
        [
          -0.0,
          0.0,
          -0.0,
          0.0,
          -0.0
        ],
        [
          -0.0,
          -0.0,
          0.0,
          -0.0,
          -0.12849834664893217
        ]
      ],
      "type1_error_by_M": [
        {
          "M": 4,
          "value": 0.25,
          "size_distortion": 0.2,
          "rejections": 1,
          "M_effective": 4,
          "runtime_sec": 1.4752776622772217,
          "pvalue_summary": {
            "count": 4,
            "mean": 0.375,
            "std": 0.2795084971874737,
            "q25": 0.1875,
            "q50": 0.375,
            "q75": 0.5625
          }
        },
        {
          "M": 6,
          "value": 0.3333333333333333,
          "size_distortion": 0.2833333333333333,
          "rejections": 2,
          "M_effective": 6,
          "runtime_sec": 2.0429670810699463,
          "pvalue_summary": {
            "count": 6,
            "mean": 0.5,
            "std": 0.408248290463863,
            "q25": 0.125,
            "q50": 0.5,
            "q75": 0.875
          }
        }
      ],
      "power_curve": [
        {
          "M": 6,
          "delta": 0.04,
          "target_fro": 0.04,
          "actual_fro": 0.04000000000000001,
          "power": 0.3333333333333333,
          "M_effective": 6,
          "rejections": 2,
          "runtime_sec": 1.8452908992767334,
          "stationarity_shrinks": 0,
          "skipped": false,
          "pvalue_summary": {
            "count": 6,
            "mean": 0.4583333333333333,
            "std": 0.4187448175467038,
            "q25": 0.0625,
            "q50": 0.375,
            "q75": 0.875
          }
        },
        {
          "M": 6,
          "delta": 0.08,
          "target_fro": 0.08,
          "actual_fro": 0.08000000000000002,
          "power": 0.16666666666666666,
          "M_effective": 6,
          "rejections": 1,
          "runtime_sec": 1.8429391384124756,
          "stationarity_shrinks": 0,
          "skipped": false,
          "pvalue_summary": {
            "count": 6,
            "mean": 0.6666666666666666,
            "std": 0.3435921354681384,
            "q25": 0.5625,
            "q50": 0.75,
            "q75": 0.9375
          }
        }
      ]
    },
    "lowrank_svd": {
      "model": "lowrank_svd",
      "parameters": {
        "N": 10,
        "T": 200,
        "p": 1,
        "t": 100,
        "M_grid": [
          4,
          6
        ],
        "power_M": 6,
        "B": 4,
        "alpha": 0.05,
        "rank": 2
      },