scope,seed,model,metric,M,delta,target_fro,actual_fro,value,size_distortion,rejections,effective_iterations,runtime_sec,perturbation_type
seed,42,sparse_lasso_n20,type1_error,50,,,,0.04,-0.010000000000000002,2,50,4.432896137237549,
seed,42,sparse_lasso_n20,power,50,0.1,0.1,0.10000000000000003,0.12,,6,50,3.3605523109436035,sparse
seed,42,sparse_lasso_n20,power,50,0.3,0.3,0.29999999999999993,0.08,,4,50,3.3545162677764893,sparse
seed,42,lowrank_svd_n20,type1_error,50,,,,0.34,0.29000000000000004,17,50,0.33934712409973145,
seed,42,lowrank_svd_n20,power,50,0.1,0.1,0.09999999999999999,0.3,,15,50,0.3230581283569336,lowrank
seed,42,lowrank_svd_n20,power,50,0.3,0.3,0.3,0.3,,15,50,0.3223142623901367,lowrank
seed,42,baseline_ols_f_n20,type1_error,50,,,,0.08,0.03,4,50,0.0400388240814209,
seed,42,baseline_ols_f_n20,power,50,0.1,0.1,0.10000000000000009,0.0,,0,50,0.03325676918029785,uniform_ones
seed,42,baseline_ols_f_n20,power,50,0.3,0.3,0.3000000000000001,0.12,,6,50,0.031823158264160156,uniform_ones
