{
  "seed": 42,
  "jobs": 2,
  "runtime_sec": 7.196990966796875,
  "models": {
    "baseline_ols": {
      "model": "baseline_ols",
      "parameters": {
        "N": 2,
        "T": 100,
        "p": 1,
        "t": 50,
        "M_grid": [
          4,
          6
        ],
        "power_M": 6,
        "B": 4,
        "alpha": 0.05,
        "baseline_pvalue_method": "asymptotic_chi2"
      },
      "phi": [
        [
          0.0914151239263294,
          -0.31199523187214867
        ],
        [
          0.22513535874193716,
          0.28216941491736414
        ]
      ],
      "type1_error_by_M": [
        {
          "M": 4,
          "value": 0.0,
          "size_distortion": -0.05,
          "rejections": 0,
          "M_effective": 4,
          "runtime_sec": 0.06523418426513672,
          "pvalue_summary": {
            "count": 4,
            "mean": 0.23624171610710548,
            "std": 0.14086393948694792,
            "q25": 0.12305424884024767,
            "q50": 0.21093734788449006,
            "q75": 0.3241248151513479
          }
        },
        {
          "M": 6,
          "value": 0.16666666666666666,
          "size_distortion": 0.11666666666666665,
          "rejections": 1,
          "M_effective": 6,
          "runtime_sec": 0.4487628936767578,
          "pvalue_summary": {
            "count": 6,
            "mean": 0.20056638622298614,
            "std": 0.13643915089774758,
            "q25": 0.11813936302392777,
            "q50": 0.1854033191636609,
            "q75": 0.2691934170638964
          }
        }
      ],
      "power_curve": [
        {
          "M": 6,
          "delta": 0.04,
          "target_fro": 0.08,
          "actual_fro": 0.07999999999999997,
          "power": 0.0,
          "M_effective": 6,
          "rejections": 0,
          "runtime_sec": 0.18746590614318848,
          "stationarity_shrinks": 0,
          "skipped": false,
          "pvalue_summary": {
            "count": 6,
            "mean": 0.22607581537934526,
            "std": 0.09976999945291894,
            "q25": 0.16156077286575823,
            "q50": 0.2556943933867427,
            "q75": 0.3139595762815073
          }
        },
        {
          "M": 6,
          "delta": 0.08,
          "target_fro": 0.16,
          "actual_fro": 0.16,
          "power": 0.3333333333333333,
          "M_effective": 6,
          "rejections": 2,
          "runtime_sec": 0.21903038024902344,
          "stationarity_shrinks": 0,
          "skipped": false,
          "pvalue_summary": {
            "count": 6,
            "mean": 0.14272494980937198,
            "std": 0.12317890111060256,
            "q25": 0.03776454697605906,
            "q50": 0.12480273519434384,
            "q75": 0.1943429136826927
          }
        }
      ]
    },
    "sparse_lasso": {
      "model": "sparse_lasso",
      "parameters": {
        "N": 5,
        "T": 200,
        "p": 1,
        "t": 100,
        "M_grid": [
          4,
          6
        ],
        "power_M": 6,
        "B": 4,
        "alpha": 0.05,
        "baseline_pvalue_method": "asymptotic_chi2",
        "sparsity": 0.2,
        "lasso_alpha": 0.02
      },
      "phi": [
        [
          0.0914151239263294,
          -0.0,
          0.22513535874193716,
          0.28216941491736414,
          -0.0
        ],
        [
          -0.0,
          0.0,
          -0.0,
          -0.0,
          -0.0
        ],
        [
          0.26381939245884856,
          0.23333758062868448,
          0.0,
          0.0,
          0.0
        ],
        [
          -0.0,
          0.0,
          -0.0,
          0.0,
          -0.0
        ],
        [
          -0.0,
          -0.0,
          0.0,
          -0.0,
          -0.12849834664893217
        ]
      ],
      "type1_error_by_M": [
        {
          "M": 4,
          "value": 0.25,
          "size_distortion": 0.2,
          "rejections": 1,
          "M_effective": 4,
          "runtime_sec": 1.2846252918243408,
          "pvalue_summary": {
            "count": 4,
            "mean": 0.4375,
            "std": 0.2724311839712921,
            "q25": 0.375,
            "q50": 0.5,
            "q75": 0.5625
          }
        },
        {
          "M": 6,
          "value": 0.16666666666666666,
          "size_distortion": 0.11666666666666665,
          "rejections": 1,
          "M_effective": 6,
          "runtime_sec": 1.9111850261688232,
          "pvalue_summary": {
            "count": 6,
            "mean": 0.375,
            "std": 0.3145764348029479,
            "q25": 0.25,
            "q50": 0.25,
            "q75": 0.4375
          }
        }
      ],
      "power_curve": [
        {
          "M": 6,
          "delta": 0.04,
          "target_fro": 0.2,
          "actual_fro": 0.2,
          "power": 0.16666666666666666,
          "M_effective": 6,
          "rejections": 1,
          "runtime_sec": 1.8548765182495117,
          "stationarity_shrinks": 0,
          "skipped": false,
          "pvalue_summary": {
            "count": 6,
            "mean": 0.5,
            "std": 0.3227486121839514,
            "q25": 0.3125,
            "q50": 0.5,
            "q75": 0.6875
          }
        },
        {
          "M": 6,
          "delta": 0.08,
          "target_fro": 0.4,
          "actual_fro": 0.4,
          "power": 0.5,
          "M_effective": 6,
          "rejections": 3,
          "runtime_sec": 1.867579460144043,
          "stationarity_shrinks": 0,
          "skipped": false,
          "pvalue_summary": {
            "count": 6,
            "mean": 0.4166666666666667,
            "std": 0.42491829279939874,
            "q25": 0.0,
            "q50": 0.375,
            "q75": 0.75
          }
        }
      ]
    },
    "lowrank_svd": {
      "model": "lowrank_svd",
      "parameters": {
        "N": 10,
        "T": 200,
        "p": 1,
        "t": 100,
        "M_grid": [
          4,
          6
        ],
        "power_M": 6,
        "B": 4,
        "alpha": 0.05,
        "baseline_pvalue_method": "asymptotic_chi2",
        "rank": 2
      },