{
  "seed": 2026,
  "jobs": 2,
  "runtime_sec": 7.21273946762085,
  "models": {
    "baseline_ols": {
      "model": "baseline_ols",
      "parameters": {
        "N": 2,
        "T": 100,
        "p": 1,
        "t": 50,
        "M_grid": [
          4,
          6
        ],
        "power_M": 6,
        "B": 4,
        "alpha": 0.05,
        "baseline_pvalue_method": "asymptotic_chi2"
      },
      "phi": [
        [
          -0.23793674254736974,
          0.07217138506148246
        ],
        [
          -0.5688979048797197,
          0.41873151303260825
        ]
      ],
      "type1_error_by_M": [
        {
          "M": 4,
          "value": 0.25,
          "size_distortion": 0.2,
          "rejections": 1,
          "M_effective": 4,
          "runtime_sec": 0.2046184539794922,
          "pvalue_summary": {
            "count": 4,
            "mean": 0.25333297520227593,
            "std": 0.2552074209218435,
            "q25": 0.04825298512734369,
            "q50": 0.17330245586912033,
            "q75": 0.37838244594405257
          }
        },
        {
          "M": 6,
          "value": 0.0,
          "size_distortion": -0.05,
          "rejections": 0,
          "M_effective": 6,
          "runtime_sec": 0.39304375648498535,
          "pvalue_summary": {
            "count": 6,
            "mean": 0.25638367981278193,
            "std": 0.11759434602985264,
            "q25": 0.16331642913907163,
            "q50": 0.2575894657240956,
            "q75": 0.35257169895761375
          }
        }
      ],
      "power_curve": [
        {
          "M": 6,
          "delta": 0.04,
          "target_fro": 0.08,
          "actual_fro": 0.08000000000000002,
          "power": 0.0,
          "M_effective": 6,
          "rejections": 0,
          "runtime_sec": 0.23367691040039062,
          "stationarity_shrinks": 0,
          "skipped": false,
          "pvalue_summary": {
            "count": 6,
            "mean": 0.23353285873071336,
            "std": 0.168852097386171,
            "q25": 0.12476312306313887,
            "q50": 0.1574324909094273,
            "q75": 0.23836920609632556
          }
        },
        {
          "M": 6,
          "delta": 0.08,
          "target_fro": 0.16,
          "actual_fro": 0.16000000000000003,
          "power": 0.16666666666666666,
          "M_effective": 6,
          "rejections": 1,
          "runtime_sec": 0.20033812522888184,
          "stationarity_shrinks": 0,
          "skipped": false,
          "pvalue_summary": {
            "count": 6,
            "mean": 0.2228344337566792,
            "std": 0.20145504519135285,
            "q25": 0.09538195334539014,
            "q50": 0.14557243982597579,
            "q75": 0.2647421127195726
          }
        }
      ]
    },
    "sparse_lasso": {
      "model": "sparse_lasso",
      "parameters": {
        "N": 5,
        "T": 200,
        "p": 1,
        "t": 100,
        "M_grid": [
          4,
          6
        ],
        "power_M": 6,
        "B": 4,
        "alpha": 0.05,
        "baseline_pvalue_method": "asymptotic_chi2",
        "sparsity": 0.2,
        "lasso_alpha": 0.02
      },
      "phi": [
        [
          -0.0,
          0.07217138506148246,
          -0.0,
          0.0,
          0.0
        ],
        [
          -0.0,
          -0.0,
          0.0,
          -0.0,
          -0.0
        ],
        [
          0.0,
          0.0,
          -0.0,
          -0.0,
          0.0
        ],
        [
          -0.0,
          -0.0,
          0.0,
          -0.0,
          -0.0
        ],
        [
          -0.0,
          0.0,
          -0.06968483162498339,
          -0.0,
          0.0
        ]
      ],
      "type1_error_by_M": [
        {
          "M": 4,
          "value": 0.25,
          "size_distortion": 0.2,
          "rejections": 1,
          "M_effective": 4,
          "runtime_sec": 1.3234503269195557,
          "pvalue_summary": {
            "count": 4,
            "mean": 0.25,
            "std": 0.1767766952966369,
            "q25": 0.1875,
            "q50": 0.25,
            "q75": 0.3125
          }
        },
        {
          "M": 6,
          "value": 0.16666666666666666,
          "size_distortion": 0.11666666666666665,
          "rejections": 1,
          "M_effective": 6,
          "runtime_sec": 2.046761989593506,
          "pvalue_summary": {
            "count": 6,
            "mean": 0.6666666666666666,
            "std": 0.3435921354681384,
            "q25": 0.5625,
            "q50": 0.75,
            "q75": 0.9375
          }
        }
      ],
      "power_curve": [
        {
          "M": 6,
          "delta": 0.04,
          "target_fro": 0.2,
          "actual_fro": 0.2,
          "power": 0.0,
          "M_effective": 6,
          "rejections": 0,
          "runtime_sec": 1.7888622283935547,
          "stationarity_shrinks": 0,
          "skipped": false,
          "pvalue_summary": {
            "count": 6,
            "mean": 0.625,
            "std": 0.23935677693908453,
            "q25": 0.5,
            "q50": 0.625,
            "q75": 0.75
          }
        },
        {
          "M": 6,
          "delta": 0.08,
          "target_fro": 0.4,
          "actual_fro": 0.4,
          "power": 0.3333333333333333,
          "M_effective": 6,
          "rejections": 2,
          "runtime_sec": 1.9173483848571777,
          "stationarity_shrinks": 0,
          "skipped": false,
          "pvalue_summary": {
            "count": 6,
            "mean": 0.25,
            "std": 0.2041241452319315,
            "q25": 0.0625,
            "q50": 0.25,
            "q75": 0.4375
          }
        }
      ]
    },
    "lowrank_svd": {
      "model": "lowrank_svd",
      "parameters": {
        "N": 10,
        "T": 200,
        "p": 1,
        "t": 100,
        "M_grid": [
          4,
          6
        ],
        "power_M": 6,
        "B": 4,
        "alpha": 0.05,
        "baseline_pvalue_method": "asymptotic_chi2",
        "rank": 2
      },