{
  "lr_statistic": 168.92176516539712,
  "p_value": 0.23333333333333334,
  "reject_h0": false,
  "B_effective": 30,
  "original_lr": 168.92176516539712
}