{
  "experiment_info": {
    "timestamp": "2026-03-07 17:31:03",
    "description": "Large-scale known-breakpoint LR+Bootstrap experiments",
    "config": {
      "M": 20,
      "B": 30,
      "alpha": 0.05,
      "deltas": [
        0.04,
        0.08,
        0.16
      ],
      "seed": 42,
      "jobs": 1
    },
    "total_runtime_sec": 25.054516792297363
  },
  "models": {
    "baseline_ols": {
      "model": "baseline_ols",
      "parameters": {
        "N": 2,
        "T": 100,
        "p": 1,
        "t": 50,
        "M": 20,
        "B": 30,
        "alpha": 0.05
      },
      "phi": [
        [
          0.14901424590336979,
          -0.0414792903513554
        ],
        [
          0.19430656143020775,
          0.45690895692240757
        ]
      ],
      "type1_error": {
        "value": 0.15,
        "size_distortion": 0.09999999999999999,
        "rejections": 3,
        "M_effective": 20,
        "runtime_sec": 0.6386048793792725,
        "pvalue_summary": {
          "count": 20,
          "mean": 0.4216666666666666,
          "std": 0.28679745078674906,
          "q25": 0.225,
          "q50": 0.3833333333333333,
          "q75": 0.575
        }
      },
      "power_curve": [
        {
          "delta": 0.04,
          "power": 0.1,
          "M_effective": 20,
          "rejections": 2,
          "runtime_sec": 0.6469082832336426,
          "stationarity_shrinks": 0,
          "skipped": false,
          "pvalue_summary": {
            "count": 20,
            "mean": 0.4333333333333333,
            "std": 0.291547594742265,
            "q25": 0.19166666666666668,
            "q50": 0.45,
            "q75": 0.5833333333333333
          }
        },
        {
          "delta": 0.08,
          "power": 0.15,
          "M_effective": 20,
          "rejections": 3,
          "runtime_sec": 0.5936944484710693,
          "stationarity_shrinks": 0,
          "skipped": false,
          "pvalue_summary": {
            "count": 20,
            "mean": 0.43499999999999994,
            "std": 0.2972980173346454,
            "q25": 0.125,
            "q50": 0.43333333333333335,
            "q75": 0.6083333333333333
          }
        },
        {
          "delta": 0.16,
          "power": 0.3,
          "M_effective": 20,
          "rejections": 6,
          "runtime_sec": 0.5878050327301025,
          "stationarity_shrinks": 0,
          "skipped": false,
          "pvalue_summary": {
            "count": 20,
            "mean": 0.3516666666666667,
            "std": 0.26572228610587656,
            "q25": 0.03333333333333333,
            "q50": 0.36666666666666664,
            "q75": 0.5416666666666666
          }
        }
      ]
    },
    "sparse_lasso": {
      "model": "sparse_lasso",
      "parameters": {
        "N": 5,
        "T": 200,
        "p": 1,
        "t": 100,
        "M": 20,
        "B": 30,
        "alpha": 0.05,
        "sparsity": 0.2,
        "lasso_alpha": 0.02
      },
      "phi": [
        [
          0.0,
          -0.0414792903513554,
          0.19430656143020775,
          0.0,
          -0.0
        ],
        [
          -0.0,
          0.0,
          0.23023041874587263,
          -0.0,
          0.0
        ],
        [
          -0.13902530784373868,
          -0.0,
          0.07258868146981023,
          -0.0,
          -0.0
        ],
        [
          -0.0,
          -0.0,
          0.0,
          -0.0,
          -0.42369111040058743
        ],
        [
          0.0,
          -0.0,
          0.0,
          -0.0,
          -0.0
        ]
      ],
      "type1_error": {
        "value": 0.0,
        "size_distortion": -0.05,
        "rejections": 0,
        "M_effective": 20,
        "runtime_sec": 4.428722381591797,
        "pvalue_summary": {
          "count": 20,
          "mean": 0.5233333333333332,
          "std": 0.27670682439482164,
          "q25": 0.2583333333333333,
          "q50": 0.6,
          "q75": 0.7416666666666667
        }
      },
      "power_curve": [
        {
          "delta": 0.04,
          "power": 0.0,
          "M_effective": 20,
          "rejections": 0,
          "runtime_sec": 4.4068872928619385,
          "stationarity_shrinks": 0,
          "skipped": false,
          "pvalue_summary": {
            "count": 20,
            "mean": 0.47333333333333344,
            "std": 0.23156472577277876,
            "q25": 0.2583333333333333,
            "q50": 0.5333333333333333,
            "q75": 0.6083333333333333
          }
        },
        {
          "delta": 0.08,
          "power": 0.1,
          "M_effective": 20,
          "rejections": 2,
          "runtime_sec": 4.406224727630615,
          "stationarity_shrinks": 0,
          "skipped": false,
          "pvalue_summary": {
            "count": 20,
            "mean": 0.32833333333333325,
            "std": 0.19156519052850446,
            "q25": 0.16666666666666666,
            "q50": 0.3333333333333333,
            "q75": 0.5083333333333333
          }
        },
        {
          "delta": 0.16,
          "power": 0.95,
          "M_effective": 20,
          "rejections": 19,
          "runtime_sec": 4.430289268493652,
          "stationarity_shrinks": 0,
          "skipped": false,
          "pvalue_summary": {
            "count": 20,
            "mean": 0.006666666666666666,
            "std": 0.016996731711975948,
            "q25": 0.0,
            "q50": 0.0,
            "q75": 0.0
          }
        }
      ]
    },
    "lowrank_svd": {
      "model": "lowrank_svd",
      "parameters": {
        "N": 10,
        "T": 200,
        "p": 1,
        "t": 100,
        "M": 20,
        "B": 30,
        "alpha": 0.05,
        "rank": 2
      },