{
  "experiment_info": {
    "timestamp": "2026-02-27 23:24:07",
    "description": "Large-scale known-breakpoint LR+Bootstrap experiments",
    "config": {
      "M": 200,
      "B": 150,
      "alpha": 0.05,
      "deltas": [
        0.1,
        0.2,
        0.3,
        0.4
      ],
      "seed": 42
    },
    "total_runtime_sec": 2457.514035463333
  },
  "models": {
    "baseline_ols": {
      "model": "baseline_ols",
      "parameters": {
        "N": 2,
        "T": 100,
        "p": 1,
        "t": 50,
        "M": 200,
        "B": 150,
        "alpha": 0.05
      },
      "phi": [
        [
          0.14901424590336979,
          -0.0414792903513554
        ],
        [
          0.19430656143020775,
          0.45690895692240757
        ]
      ],
      "type1_error": {
        "value": 0.05,
        "size_distortion": 0.0,
        "rejections": 10,
        "M_effective": 200,
        "runtime_sec": 35.140608072280884,
        "pvalue_summary": {
          "count": 200,
          "mean": 0.5149333333333334,
          "std": 0.28408781115078563,
          "q25": 0.2783333333333333,
          "q50": 0.5133333333333334,
          "q75": 0.7616666666666667
        }
      },
      "power_curve": [
        {
          "delta": 0.1,
          "power": 0.08,
          "M_effective": 200,
          "rejections": 16,
          "runtime_sec": 30.95074462890625,
          "stationarity_shrinks": 0,
          "skipped": false,
          "pvalue_summary": {
            "count": 200,
            "mean": 0.44920000000000004,
            "std": 0.2742331206190172,
            "q25": 0.23666666666666666,
            "q50": 0.44333333333333336,
            "q75": 0.66
          }
        },
        {
          "delta": 0.2,
          "power": 0.19,
          "M_effective": 200,
          "rejections": 38,
          "runtime_sec": 31.05380153656006,
          "stationarity_shrinks": 0,
          "skipped": false,
          "pvalue_summary": {
            "count": 200,
            "mean": 0.26270000000000004,
            "std": 0.2377543994218497,
            "q25": 0.06666666666666667,
            "q50": 0.18333333333333335,
            "q75": 0.42166666666666663
          }
        },
        {
          "delta": 0.3,
          "power": 0.715,
          "M_effective": 200,
          "rejections": 143,
          "runtime_sec": 31.89371633529663,
          "stationarity_shrinks": 0,
          "skipped": false,
          "pvalue_summary": {
            "count": 200,
            "mean": 0.06733333333333333,
            "std": 0.13271858280671256,
            "q25": 0.0,
            "q50": 0.013333333333333334,
            "q75": 0.06
          }
        },
        {
          "delta": 0.4,
          "power": 0.64,
          "M_effective": 200,
          "rejections": 128,
          "runtime_sec": 34.85639190673828,
          "stationarity_shrinks": 2,
          "skipped": false,
          "pvalue_summary": {
            "count": 200,
            "mean": 0.08239999999999999,
            "std": 0.14228459743298524,
            "q25": 0.006666666666666667,
            "q50": 0.02,
            "q75": 0.10666666666666667
          }
        }
      ]
    },
    "sparse_lasso": {
      "model": "sparse_lasso",
      "parameters": {
        "N": 5,
        "T": 200,
        "p": 1,
        "t": 100,
        "M": 200,
        "B": 150,
        "alpha": 0.05,
        "sparsity": 0.2,
        "lasso_alpha": 0.02
      },
      "phi": [
        [
          0.0,
          -0.0414792903513554,
          0.19430656143020775,
          0.0,
          -0.0
        ],
        [
          -0.0,
          0.0,
          0.23023041874587263,
          -0.0,
          0.0
        ],
        [
          -0.13902530784373868,
          -0.0,
          0.07258868146981023,
          -0.0,
          -0.0
        ],
        [
          -0.0,
          -0.0,
          0.0,
          -0.0,
          -0.42369111040058743
        ],
        [
          0.0,
          -0.0,
          0.0,
          -0.0,
          -0.0
        ]
      ],
      "type1_error": {
        "value": 0.03,
        "size_distortion": -0.020000000000000004,
        "rejections": 6,
        "M_effective": 200,
        "runtime_sec": 390.4866404533386,
        "pvalue_summary": {
          "count": 200,
          "mean": 0.48523333333333335,
          "std": 0.27578161851564925,
          "q25": 0.24666666666666667,
          "q50": 0.4666666666666667,
          "q75": 0.72
        }
      },
      "power_curve": [
        {
          "delta": 0.1,
          "power": 0.345,
          "M_effective": 200,
          "rejections": 69,
          "runtime_sec": 388.43070340156555,
          "stationarity_shrinks": 0,
          "skipped": false,
          "pvalue_summary": {
            "count": 200,
            "mean": 0.1882666666666667,
            "std": 0.2042604437694408,
            "q25": 0.03333333333333333,
            "q50": 0.10666666666666667,
            "q75": 0.2866666666666667
          }
        },
        {
          "delta": 0.2,
          "power": 1.0,
          "M_effective": 200,
          "rejections": 200,
          "runtime_sec": 392.7009756565094,
          "stationarity_shrinks": 0,
          "skipped": false,
          "pvalue_summary": {
            "count": 200,
            "mean": 6.666666666666667e-05,
            "std": 0.0006633249580710801,
            "q25": 0.0,
            "q50": 0.0,
            "q75": 0.0
          }
        },
        {
          "delta": 0.3,
          "power": 1.0,
          "M_effective": 200,
          "rejections": 200,
          "runtime_sec": 385.86522459983826,
          "stationarity_shrinks": 4,
          "skipped": false,
          "pvalue_summary": {
            "count": 200,
            "mean": 6.666666666666667e-05,
            "std": 0.0006633249580710801,
            "q25": 0.0,
            "q50": 0.0,
            "q75": 0.0
          }
        },
        {
          "delta": 0.4,
          "power": 1.0,
          "M_effective": 200,
          "rejections": 200,
          "runtime_sec": 387.6390211582184,
          "stationarity_shrinks": 7,
          "skipped": false,
          "pvalue_summary": {
            "count": 200,
            "mean": 0.0001,
            "std": 0.0008103497187428812,
            "q25": 0.0,
            "q50": 0.0,
            "q75": 0.0
          }
        }
      ]
    },
    "lowrank_svd": {
      "model": "lowrank_svd",
      "parameters": {
        "N": 10,
        "T": 200,
        "p": 1,
        "t": 100,
        "M": 200,
        "B": 150,
        "alpha": 0.05,
        "rank": 2
      },