{
  "experiment_info": {
    "timestamp": "2026-03-07 23:51:46",
    "description": "Large-scale known-breakpoint LR+Bootstrap experiments",
    "config": {
      "M": 120,
      "B": 200,
      "alpha": 0.05,
      "deltas": [
        0.04,
        0.08,
        0.12,
        0.16
      ],
      "seed": 42,
      "jobs": 4,
      "effect_size_mode": "fixed_frobenius_norm",
      "effect_direction": "normalized_all_ones"
    },
    "total_runtime_sec": 3385.915673494339
  },
  "models": {
    "baseline_ols": {
      "model": "baseline_ols",
      "parameters": {
        "N": 2,
        "T": 100,
        "p": 1,
        "t": 50,
        "M": 120,
        "B": 200,
        "alpha": 0.05
      },
      "phi": [
        [
          0.0914151239263294,
          -0.31199523187214867
        ],
        [
          0.22513535874193716,
          0.28216941491736414
        ]
      ],
      "type1_error": {
        "value": 0.058333333333333334,
        "size_distortion": 0.008333333333333331,
        "rejections": 7,
        "M_effective": 120,
        "runtime_sec": 507.13526916503906,
        "pvalue_summary": {
          "count": 120,
          "mean": 0.4675,
          "std": 0.2985450831393253,
          "q25": 0.19375,
          "q50": 0.43,
          "q75": 0.705
        }
      },
      "power_curve": [
        {
          "delta": 0.04,
          "target_fro": 0.04,
          "actual_fro": 0.040000000000000015,
          "power": 0.05,
          "M_effective": 120,
          "rejections": 6,
          "runtime_sec": 505.40154790878296,
          "stationarity_shrinks": 0,
          "skipped": false,
          "pvalue_summary": {
            "count": 120,
            "mean": 0.4765,
            "std": 0.2786198126479881,
            "q25": 0.22875,
            "q50": 0.47,
            "q75": 0.72125
          }
        },
        {
          "delta": 0.08,
          "target_fro": 0.08,
          "actual_fro": 0.07999999999999997,
          "power": 0.05,
          "M_effective": 120,
          "rejections": 6,
          "runtime_sec": 496.3092248439789,
          "stationarity_shrinks": 0,
          "skipped": false,
          "pvalue_summary": {
            "count": 120,
            "mean": 0.47504166666666664,
            "std": 0.2869868578824163,
            "q25": 0.21375,
            "q50": 0.45,
            "q75": 0.7012499999999999
          }
        },
        {
          "delta": 0.12,
          "target_fro": 0.12,
          "actual_fro": 0.12,
          "power": 0.058333333333333334,
          "M_effective": 120,
          "rejections": 7,
          "runtime_sec": 514.5061028003693,
          "stationarity_shrinks": 0,
          "skipped": false,
          "pvalue_summary": {
            "count": 120,
            "mean": 0.53075,
            "std": 0.29077600915481316,
            "q25": 0.25875000000000004,
            "q50": 0.5425,
            "q75": 0.7937500000000001
          }
        },
        {
          "delta": 0.16,
          "target_fro": 0.16,
          "actual_fro": 0.16,
          "power": 0.06666666666666667,
          "M_effective": 120,
          "rejections": 8,
          "runtime_sec": 501.26916313171387,
          "stationarity_shrinks": 0,
          "skipped": false,
          "pvalue_summary": {
            "count": 120,
            "mean": 0.44891666666666663,
            "std": 0.2621570643505318,
            "q25": 0.22625,
            "q50": 0.46,
            "q75": 0.66125
          }
        }
      ]
    },
    "sparse_lasso": {
      "model": "sparse_lasso",
      "parameters": {
        "N": 5,
        "T": 200,
        "p": 1,
        "t": 100,
        "M": 120,
        "B": 200,
        "alpha": 0.05,
        "sparsity": 0.2,
        "lasso_alpha": 0.02
      },
      "phi": [
        [
          0.0914151239263294,
          -0.0,
          0.22513535874193716,
          0.28216941491736414,
          -0.0
        ],
        [
          -0.0,
          0.0,
          -0.0,
          -0.0,
          -0.0
        ],
        [
          0.26381939245884856,
          0.23333758062868448,
          0.0,
          0.0,
          0.0
        ],
        [
          -0.0,
          0.0,
          -0.0,
          0.0,
          -0.0
        ],
        [
          -0.0,
          -0.0,
          0.0,
          -0.0,
          -0.12849834664893217
        ]
      ],
      "type1_error": {
        "value": 0.05,
        "size_distortion": 0.0,
        "rejections": 6,
        "M_effective": 120,
        "runtime_sec": 738.1495521068573,
        "pvalue_summary": {
          "count": 120,
          "mean": 0.49366666666666675,
          "std": 0.2911534055365926,
          "q25": 0.225,
          "q50": 0.485,
          "q75": 0.7324999999999999
        }
      },
      "power_curve": [
        {
          "delta": 0.04,
          "target_fro": 0.04,
          "actual_fro": 0.04000000000000001,
          "power": 0.041666666666666664,
          "M_effective": 120,
          "rejections": 5,
          "runtime_sec": 742.5497989654541,
          "stationarity_shrinks": 0,
          "skipped": false,
          "pvalue_summary": {
            "count": 120,
            "mean": 0.5090833333333333,
            "std": 0.2868812060572963,
            "q25": 0.29374999999999996,
            "q50": 0.5225,
            "q75": 0.76875
          }
        },
        {
          "delta": 0.08,
          "target_fro": 0.08,
          "actual_fro": 0.08000000000000002,
          "power": 0.058333333333333334,
          "M_effective": 120,
          "rejections": 7,
          "runtime_sec": 736.8428092002869,
          "stationarity_shrinks": 0,
          "skipped": false,
          "pvalue_summary": {
            "count": 120,
            "mean": 0.513,
            "std": 0.29593383269463014,
            "q25": 0.255,
            "q50": 0.55,
            "q75": 0.76125
          }
        },
        {
          "delta": 0.12,
          "target_fro": 0.12,
          "actual_fro": 0.12000000000000002,
          "power": 0.08333333333333333,
          "M_effective": 120,
          "rejections": 10,
          "runtime_sec": 590.2675669193268,
          "stationarity_shrinks": 0,
          "skipped": false,
          "pvalue_summary": {
            "count": 120,
            "mean": 0.46579166666666677,
            "std": 0.2782684523930483,
            "q25": 0.24375,
            "q50": 0.48,
            "q75": 0.68
          }
        },
        {
          "delta": 0.16,
          "target_fro": 0.16,
          "actual_fro": 0.16000000000000003,
          "power": 0.05,
          "M_effective": 120,
          "rejections": 6,
          "runtime_sec": 489.8680365085602,
          "stationarity_shrinks": 0,
          "skipped": false,
          "pvalue_summary": {
            "count": 120,
            "mean": 0.4927916666666667,
            "std": 0.2765477624761328,
            "q25": 0.25625,
            "q50": 0.46,
            "q75": 0.745
          }
        }
      ]
    },
    "lowrank_svd": {
      "model": "lowrank_svd",
      "parameters": {
        "N": 10,
        "T": 200,
        "p": 1,
        "t": 100,
        "M": 120,
        "B": 200,
        "alpha": 0.05,
        "rank": 2
      },