{
  "timestamp": "2026-03-06 01:47:20",
  "config": {
    "alpha": 0.05,
    "seeds": [
      42,
      2026
    ],
    "B_grid": [
      200,
      500,
      1000
    ],
    "M_grid": [
      300,
      500,
      800
    ],
    "B_mc_baseline": 80,
    "B_mc_highdim": 100,
    "p": 3,
    "dimensions": {
      "baseline": {
        "N": 2,
        "T": 220,
        "t": 110
      },
      "sparse": {
        "N": 3,
        "T": 220,
        "t": 110
      },
      "lowrank": {
        "N": 4,
        "T": 220,
        "t": 110
      }
    }
  },
  "baseline_agg_rows": [
    {
      "B": 200,
      "n_seed": 2,
      "chi2_p_value_mean": 0.775751856307022,
      "chi2_p_value_ci95_low": 0.694756576531122,
      "chi2_p_value_ci95_high": 0.8567471360829221,
      "chi2_p_value_sd": 0.058441134258816904,
      "chi2_p_value_n": 2,
      "f_asymptotic_p_value_mean": 0.8109310325731379,
      "f_asymptotic_p_value_ci95_low": 0.7661458105448146,
      "f_asymptotic_p_value_ci95_high": 0.8557162546014613,
      "f_asymptotic_p_value_sd": 0.03231421856446183,
      "f_asymptotic_p_value_n": 2,
      "bootstrap_lr_p_value_mean": 0.835,
      "bootstrap_lr_p_value_ci95_low": 0.786,
      "bootstrap_lr_p_value_ci95_high": 0.8839999999999999,
      "bootstrap_lr_p_value_sd": 0.03535533905932733,
      "bootstrap_lr_p_value_n": 2,
      "bootstrap_f_p_value_mean": 0.815,
      "bootstrap_f_p_value_ci95_low": 0.7562,
      "bootstrap_f_p_value_ci95_high": 0.8737999999999999,
      "bootstrap_f_p_value_sd": 0.04242640687119281,
      "bootstrap_f_p_value_n": 2,
      "abs_diff_boot_lr_vs_chi2_mean": 0.059248143692977984,
      "abs_diff_boot_lr_vs_chi2_ci95_low": 0.02725286391707786,
      "abs_diff_boot_lr_vs_chi2_ci95_high": 0.09124342346887811,
      "abs_diff_boot_lr_vs_chi2_sd": 0.02308579519948957,
      "abs_diff_boot_lr_vs_chi2_n": 2
    },
    {
      "B": 500,
      "n_seed": 2,
      "chi2_p_value_mean": 0.775751856307022,
      "chi2_p_value_ci95_low": 0.694756576531122,
      "chi2_p_value_ci95_high": 0.8567471360829221,
      "chi2_p_value_sd": 0.058441134258816904,
      "chi2_p_value_n": 2,
      "f_asymptotic_p_value_mean": 0.8109310325731379,
      "f_asymptotic_p_value_ci95_low": 0.7661458105448146,
      "f_asymptotic_p_value_ci95_high": 0.8557162546014613,
      "f_asymptotic_p_value_sd": 0.03231421856446183,
      "f_asymptotic_p_value_n": 2,
      "bootstrap_lr_p_value_mean": 0.835,
      "bootstrap_lr_p_value_ci95_low": 0.7781600000000001,
      "bootstrap_lr_p_value_ci95_high": 0.8918399999999999,
      "bootstrap_lr_p_value_sd": 0.041012193308819715,
      "bootstrap_lr_p_value_n": 2,
      "bootstrap_f_p_value_mean": 0.819,
      "bootstrap_f_p_value_ci95_low": 0.7778400000000001,
      "bootstrap_f_p_value_ci95_high": 0.8601599999999998,
      "bootstrap_f_p_value_sd": 0.029698484809834943,
      "bootstrap_f_p_value_n": 2,
      "abs_diff_boot_lr_vs_chi2_mean": 0.059248143692977984,
      "abs_diff_boot_lr_vs_chi2_ci95_low": 0.03509286391707787,
      "abs_diff_boot_lr_vs_chi2_ci95_high": 0.08340342346887811,
      "abs_diff_boot_lr_vs_chi2_sd": 0.017428940949997185,
      "abs_diff_boot_lr_vs_chi2_n": 2
    },
    {
      "B": 1000,
      "n_seed": 2,
      "chi2_p_value_mean": 0.775751856307022,
      "chi2_p_value_ci95_low": 0.694756576531122,
      "chi2_p_value_ci95_high": 0.8567471360829221,
      "chi2_p_value_sd": 0.058441134258816904,
      "chi2_p_value_n": 2,
      "f_asymptotic_p_value_mean": 0.8109310325731379,
      "f_asymptotic_p_value_ci95_low": 0.7661458105448146,
      "f_asymptotic_p_value_ci95_high": 0.8557162546014613,
      "f_asymptotic_p_value_sd": 0.03231421856446183,
      "f_asymptotic_p_value_n": 2,
      "bootstrap_lr_p_value_mean": 0.8180000000000001,
      "bootstrap_lr_p_value_ci95_low": 0.7474400000000001,
      "bootstrap_lr_p_value_ci95_high": 0.88856,
      "bootstrap_lr_p_value_sd": 0.05091168824543139,
      "bootstrap_lr_p_value_n": 2,
      "bootstrap_f_p_value_mean": 0.808,
      "bootstrap_f_p_value_ci95_low": 0.7648800000000001,
      "bootstrap_f_p_value_ci95_high": 0.85112,
      "bootstrap_f_p_value_sd": 0.03111269837220804,
      "bootstrap_f_p_value_n": 2,
      "abs_diff_boot_lr_vs_chi2_mean": 0.04224814369297797,
      "abs_diff_boot_lr_vs_chi2_ci95_low": 0.03181286391707786,
      "abs_diff_boot_lr_vs_chi2_ci95_high": 0.052683423468878075,
      "abs_diff_boot_lr_vs_chi2_sd": 0.007529446013385511,
      "abs_diff_boot_lr_vs_chi2_n": 2
    }
  ],
  "validation_agg_rows": [
    {
      "model": "baseline_chow_asym_chi2",
      "M": 300,
      "n_seed": 2,
      "type1_error_mean": 0.0,
      "type1_error_ci95_low": 0.0,
      "type1_error_ci95_high": 0.0,
      "type1_error_sd": 0.0,
      "type1_error_n": 2,
      "power_mean": 1.0,
      "power_ci95_low": 1.0,
      "power_ci95_high": 1.0,
      "power_sd": 0.0,
      "power_n": 2,
      "M_effective_type1_avg": 300.0,
      "M_effective_power_avg": 300.0
    },
    {
      "model": "baseline_chow_asym_chi2",
      "M": 500,
      "n_seed": 2,
      "type1_error_mean": 0.0,
      "type1_error_ci95_low": 0.0,
      "type1_error_ci95_high": 0.0,
      "type1_error_sd": 0.0,
      "type1_error_n": 2,
      "power_mean": 1.0,
      "power_ci95_low": 1.0,
      "power_ci95_high": 1.0,
      "power_sd": 0.0,
      "power_n": 2,
      "M_effective_type1_avg": 500.0,
      "M_effective_power_avg": 500.0
    },
    {
      "model": "baseline_chow_asym_chi2",
      "M": 800,
      "n_seed": 2,
      "type1_error_mean": 0.0,
      "type1_error_ci95_low": 0.0,
      "type1_error_ci95_high": 0.0,
      "type1_error_sd": 0.0,
      "type1_error_n": 2,
      "power_mean": 1.0,
      "power_ci95_low": 1.0,
      "power_ci95_high": 1.0,
      "power_sd": 0.0,
      "power_n": 2,
      "M_effective_type1_avg": 800.0,
      "M_effective_power_avg": 800.0
    },
    {
      "model": "baseline_chow_asym_f",
      "M": 300,
      "n_seed": 2,
      "type1_error_mean": 0.0,
      "type1_error_ci95_low": 0.0,
      "type1_error_ci95_high": 0.0,
      "type1_error_sd": 0.0,
      "type1_error_n": 2,
      "power_mean": 1.0,
      "power_ci95_low": 1.0,
      "power_ci95_high": 1.0,
      "power_sd": 0.0,
      "power_n": 2,
      "M_effective_type1_avg": 300.0,
      "M_effective_power_avg": 300.0
    },
    {
      "model": "baseline_chow_asym_f",
      "M": 500,
      "n_seed": 2,
      "type1_error_mean": 0.0,
      "type1_error_ci95_low": 0.0,
      "type1_error_ci95_high": 0.0,
      "type1_error_sd": 0.0,
      "type1_error_n": 2,
      "power_mean": 1.0,
      "power_ci95_low": 1.0,
      "power_ci95_high": 1.0,
      "power_sd": 0.0,
      "power_n": 2,
      "M_effective_type1_avg": 500.0,
      "M_effective_power_avg": 500.0
    },
    {
      "model": "baseline_chow_asym_f",
      "M": 800,
      "n_seed": 2,
      "type1_error_mean": 0.0,
      "type1_error_ci95_low": 0.0,
      "type1_error_ci95_high": 0.0,
      "type1_error_sd": 0.0,
      "type1_error_n": 2,
      "power_mean": 1.0,
      "power_ci95_low": 1.0,
      "power_ci95_high": 1.0,
      "power_sd": 0.0,
      "power_n": 2,
      "M_effective_type1_avg": 800.0,
      "M_effective_power_avg": 800.0
    },
    {
      "model": "baseline_chow_bootstrap_f",
      "M": 300,
      "n_seed": 2,
      "type1_error_mean": 0.0,
      "type1_error_ci95_low": 0.0,
      "type1_error_ci95_high": 0.0,
      "type1_error_sd": 0.0,
      "type1_error_n": 2,
      "power_mean": 1.0,
      "power_ci95_low": 1.0,
      "power_ci95_high": 1.0,
      "power_sd": 0.0,
      "power_n": 2,
      "M_effective_type1_avg": 300.0,
      "M_effective_power_avg": 300.0
    },
    {
      "model": "baseline_chow_bootstrap_f",
      "M": 500,
      "n_seed": 2,
      "type1_error_mean": 0.0,
      "type1_error_ci95_low": 0.0,
      "type1_error_ci95_high": 0.0,
      "type1_error_sd": 0.0,
      "type1_error_n": 2,
      "power_mean": 1.0,
      "power_ci95_low": 1.0,
      "power_ci95_high": 1.0,