scope,seed,model,metric,M,delta,target_fro,actual_fro,value_mean,value_std,size_distortion_mean,rejections_mean,effective_iterations_mean,runtime_sec_mean,mc_se,ci95_low,ci95_high,seed_count,perturbation_type,target_fro_mean,actual_fro_mean
aggregate,,lowrank_rrr_fv,type1_error,100,,,,0.034999999999999996,0.024999999999999998,-0.015000000000000003,3.5,100.0,13.786896824836731,0.012995191418367025,0.009529424820000628,0.06047057517999936,2,,,
aggregate,,lowrank_rrr_fv,type1_error,300,,,,0.06666666666666668,0.003333333333333334,0.01666666666666667,20.0,300.0,36.68254613876343,0.010183501544346312,0.046707003639747904,0.08662632969358545,2,,,
aggregate,,lowrank_rrr_fv,power,300,0.1,,,0.061666666666666675,0.008333333333333335,,18.5,300.0,35.73358500003815,,,,2,lowrank_fixedV,0.1,0.09999999999999999
aggregate,,lowrank_rrr_fv,power,300,0.3,,,0.07500000000000001,0.0049999999999999975,,22.5,300.0,35.702272057533264,,,,2,lowrank_fixedV,0.3,0.29999999999999993
aggregate,,lowrank_rrr_fv,power,300,0.5,,,0.07833333333333334,0.0049999999999999975,,23.5,300.0,47.98153603076935,,,,2,lowrank_fixedV,0.5,0.49999999999999994
