{
  "seed": 2026,
  "jobs": 5,
  "runtime_sec": 1356.0592150688171,
  "models": {
    "baseline_ols_f": {
      "model": "baseline_ols_f",
      "parameters": {
        "N": 10,
        "T": 500,
        "p": 1,
        "t": 250,
        "M_grid": [
          50,
          100,
          300,
          500,
          1000,
          2000
        ],
        "power_M": 500,
        "B": 500,
        "alpha": 0.05,
        "pvalue_method": "asymptotic_f"
      },
      "phi": [
        [
          -0.21318624622238835,
          0.06466402162694516,
          -0.509720388396691,
          0.3751745042935978,
          0.17156954198642194,
          -0.07850049524849158,
          -0.08384998328942776,
          0.08166900265115844,
          -0.07194537650484953,
          -0.06072285631569337
        ],
        [
          0.19354962238678192,
          0.13834946577221469,
          -0.017237178751138886,
          -0.02297555322960288,
          0.04325327784737122,
          -0.1650442154131651,
          -0.10852548758781728,
          0.14736882818526487,
          -0.03507293985178663,
          -0.36943696122591885
        ],
        [
          -0.12828946578543785,
          0.17649568585631054,
          -0.06243612278507932,
          -0.039978427667273,
          0.172521578613215,
          0.4904435744885032,
          -0.19170055138541064,
          0.3623893644298028,
          -0.3306195633002106,
          0.047032865330806674
        ],
        [
          -0.3143620511592256,
          0.36326331216829105,
          0.22415316533993765,
          0.30581099159563224,
          -0.2380256455190886,
          0.18400401046094172,
          -0.1395074619512008,
          -0.12294224488132086,
          0.1361539256695111,
          0.2356562347402223
        ],
        [
          0.05494684583937449,
          -0.16879891433397615,
          -0.22197419650783684,
          0.3882231745222775,
          0.159648860207478,
          0.1934582638551603,
          0.5869076408701832,
          -0.21929873997952037,
          0.687965878533617,
          0.8469439439945525
        ],
        [
          0.43501909068537137,
          0.2223209431219035,
          -0.17843109375371244,
          0.26731137315822534,
          -0.118992816942566,
          -0.00581959375459383,
          -0.07806657963365994,
          0.07629167610934263,
          0.3462270476491255,
          -0.14933743963563728
        ],
        [
          -0.2648702449933338,
          -0.2695883033059351,
          -0.260266749660235,
          -0.38467132458005965,
          -0.24539083758290153,
          0.34762152226024184,
          -0.15947846052718087,
          0.06910889323734691,
          -0.3270933113193707,
          0.045600990302571684
        ],
        [
          -0.4679109143032468,
          -0.18782111398342677,
          0.6060056370752029,
          -0.1566985225781485,
          0.30104248579233955,
          0.12231563699325095,
          -0.04112159797950925,
          -0.17528214080976462,
          0.3459130115074042,
          -0.047679538831014494
        ],
        [
          0.4105619259448127,
          -0.19328384195797332,
          0.015412352905129972,
          0.12512318660557625,
          0.1003030667006853,
          -0.33163795143013886,
          -0.1784958132191581,
          -0.052678227297835535,
          -0.22946891162206473,
          0.18206065514100983
        ],
        [
          0.15805579328172117,
          -0.5260517781234124,
          -0.48524074274383366,
          -0.3444760082322512,
          0.03151861137302375,
          0.5465037660358276,
          -0.10277496723055721,
          0.0673732639243271,
          -0.28575762355212125,
          -0.281382876255005
        ]
      ],
      "type1_error_by_M": [],
      "power_curve": [
        {
          "M": 500,
          "delta": 1.0,
          "target_fro": 1.0,
          "actual_fro": 0.81,
          "power": 1.0,
          "M_effective": 500,
          "rejections": 500,
          "runtime_sec": 2.4665160179138184,
          "stationarity_shrinks": 2,
          "skipped": false,
          "perturbation_type": "uniform",
          "pvalue_summary": {
            "count": 500,
            "mean": 3.616914804030196e-11,
            "std": 6.017400884419484e-10,
            "q25": 4.0406686904018815e-25,
            "q50": 9.852545685758785e-22,
            "q75": 4.672439551770279e-19
          }
        }
      ]
    },
    "baseline_ols": {
      "model": "baseline_ols",
      "parameters": {
        "N": 10,
        "T": 500,
        "p": 1,
        "t": 250,
        "M_grid": [
          50,
          100,
          300,
          500,
          1000,
          2000
        ],
        "power_M": 500,
        "B": 500,
        "alpha": 0.05,
        "pvalue_method": "bootstrap_lr"
      },