scope,seed,model,metric,M,delta,target_fro,actual_fro,value_mean,value_std,size_distortion_mean,rejections_mean,effective_iterations_mean,runtime_sec_mean,mc_se,ci95_low,ci95_high,seed_count,perturbation_type,target_fro_mean,actual_fro_mean
aggregate,,sparse_lasso,type1_error,100,,,,0.06,0.03,0.009999999999999995,6.0,100.0,40.904098987579346,0.016792855623746664,0.027086002977456537,0.09291399702254347,2,,,
aggregate,,sparse_lasso,type1_error,300,,,,0.051666666666666666,0.001666666666666667,0.001666666666666667,15.5,300.0,122.62079846858978,0.009036704987828088,0.03395472489052362,0.06937860844280971,2,,,
aggregate,,sparse_lasso,power,300,0.1,,,0.06833333333333333,0.008333333333333331,,20.5,300.0,120.38143348693848,,,,2,sparse,0.1,0.09999999999999998
aggregate,,sparse_lasso,power,300,0.3,,,0.07833333333333334,0.02166666666666667,,23.5,300.0,116.59769201278687,,,,2,sparse,0.3,0.29999999999999993
aggregate,,sparse_lasso,power,300,0.5,,,0.1433333333333333,0.009999999999999995,,43.0,300.0,102.99972462654114,,,,2,sparse,0.5,0.5
